{"status":"OK","data":{"id":39908,"identifier":"ICPSR00006.v1","persistentUrl":"https://doi.org/10.3886/ICPSR00006.v1","protocol":"doi","authority":"10.3886","publisher":"Harvard Dataverse","publicationDate":"2015-04-08","storageIdentifier":"file://10.3886/ICPSR00006.v1","latestVersion":{"id":35908,"storageIdentifier":"file://10.3886/ICPSR00006.v1","versionState":"RELEASED","distributionDate":"1984-06-19","productionDate":"Production Date","lastUpdateTime":"2015-04-09T03:28:36Z","releaseTime":"2015-04-09T03:28:36Z","createTime":"2015-04-09T03:28:36Z","license":"NONE","specialPermissions":"Additional special permissions, where applicable, are described in the restrictions field.","conditions":"<p>AVAILABLE.  This study is freely available to ICPSR member institutions.</p>","disclaimer":"The original collector of the data, ICPSR, \t\tand the relevant funding agency bear no responsibility \t\tfor use of the data or for interpretations or inferences \t\tbased upon such uses.","metadataBlocks":{"citation":{"displayName":"Citation Metadata","fields":[{"typeName":"title","multiple":false,"typeClass":"primitive","value":"Referenda and Primary Election Materials"},{"typeName":"author","multiple":true,"typeClass":"compound","value":[{"authorName":{"typeName":"authorName","multiple":false,"typeClass":"primitive","value":"Inter-university Consortium for Political and Social Research"},"authorAffiliation":{"typeName":"authorAffiliation","multiple":false,"typeClass":"primitive","value":"Inter-university Consortium for Political and Social Research"}}]},{"typeName":"datasetContact","multiple":true,"typeClass":"compound","value":[{"datasetContactEmail":{"typeName":"datasetContactEmail","multiple":false,"typeClass":"primitive","value":"N/A"}}]},{"typeName":"dsDescription","multiple":true,"typeClass":"compound","value":[{"dsDescriptionValue":{"typeName":"dsDescriptionValue","multiple":false,"typeClass":"primitive","value":"This data collection contains election returns at the  county and state levels from the mid-nineteenth century to the late  twentieth century for primary and general elections on statewide  referenda, constitutional amendments, state House/Senate joint  resolutions, and initiated measures. The ballot language of each  measure is also included.  County-level returns for most  gubernatorial, senatorial, and congressional primary elections from 1910 to the present are documented as well."}}]},{"typeName":"keyword","multiple":true,"typeClass":"compound","value":[{"keywordValue":{"typeName":"keywordValue","multiple":false,"typeClass":"primitive","value":"congressional elections (US House)"},"keywordVocabulary":{"typeName":"keywordVocabulary","multiple":false,"typeClass":"primitive","value":"thesaurus"}},{"keywordValue":{"typeName":"keywordValue","multiple":false,"typeClass":"primitive","value":"congressional elections (US Senate)"},"keywordVocabulary":{"typeName":"keywordVocabulary","multiple":false,"typeClass":"primitive","value":"thesaurus"}},{"keywordValue":{"typeName":"keywordValue","multiple":false,"typeClass":"primitive","value":"congressional voting"},"keywordVocabulary":{"typeName":"keywordVocabulary","multiple":false,"typeClass":"primitive","value":"thesaurus"}},{"keywordValue":{"typeName":"keywordValue","multiple":false,"typeClass":"primitive","value":"constitutional amendments"},"keywordVocabulary":{"typeName":"keywordVocabulary","multiple":false,"typeClass":"primitive","value":"thesaurus"}},{"keywordValue":{"typeName":"keywordValue","multiple":false,"typeClass":"primitive","value":"counties"},"keywordVocabulary":{"typeName":"keywordVocabulary","multiple":false,"typeClass":"primitive","value":"thesaurus"}},{"keywordValue":{"typeName":"keywordValue","multiple":false,"typeClass":"primitive","value":"election returns"},"keywordVocabulary":{"typeName":"keywordVocabulary","multiple":false,"typeClass":"primitive","value":"thesaurus"}},{"keywordValue":{"typeName":"keywordValue","multiple":false,"typeClass":"primitive","value":"gubernatorial elections"},"keywordVocabulary":{"typeName":"keywordVocabulary","multiple":false,"typeClass":"primitive","value":"thesaurus"}},{"keywordValue":{"typeName":"keywordValue","multiple":false,"typeClass":"primitive","value":"nineteenth century"},"keywordVocabulary":{"typeName":"keywordVocabulary","multiple":false,"typeClass":"primitive","value":"thesaurus"}},{"keywordValue":{"typeName":"keywordValue","multiple":false,"typeClass":"primitive","value":"political history"},"keywordVocabulary":{"typeName":"keywordVocabulary","multiple":false,"typeClass":"primitive","value":"thesaurus"}},{"keywordValue":{"typeName":"keywordValue","multiple":false,"typeClass":"primitive","value":"primaries"},"keywordVocabulary":{"typeName":"keywordVocabulary","multiple":false,"typeClass":"primitive","value":"thesaurus"}},{"keywordValue":{"typeName":"keywordValue","multiple":false,"typeClass":"primitive","value":"referendum"},"keywordVocabulary":{"typeName":"keywordVocabulary","multiple":false,"typeClass":"primitive","value":"thesaurus"}},{"keywordValue":{"typeName":"keywordValue","multiple":false,"typeClass":"primitive","value":"senatorial elections"},"keywordVocabulary":{"typeName":"keywordVocabulary","multiple":false,"typeClass":"primitive","value":"thesaurus"}},{"keywordValue":{"typeName":"keywordValue","multiple":false,"typeClass":"primitive","value":"states (USA)"},"keywordVocabulary":{"typeName":"keywordVocabulary","multiple":false,"typeClass":"primitive","value":"thesaurus"}},{"keywordValue":{"typeName":"keywordValue","multiple":false,"typeClass":"primitive","value":"twentieth century"},"keywordVocabulary":{"typeName":"keywordVocabulary","multiple":false,"typeClass":"primitive","value":"thesaurus"}},{"keywordValue":{"typeName":"keywordValue","multiple":false,"typeClass":"primitive","value":"voting behavior"},"keywordVocabulary":{"typeName":"keywordVocabulary","multiple":false,"typeClass":"primitive","value":"thesaurus"}}]},{"typeName":"topicClassification","multiple":true,"typeClass":"compound","value":[{"topicClassValue":{"typeName":"topicClassValue","multiple":false,"typeClass":"primitive","value":"ICPSR XIV.A.3.a. Mass Political Behavior and Attitudes, Historical and Contemporary Electoral Processes, Election Returns, United States"},"topicClassVocab":{"typeName":"topicClassVocab","multiple":false,"typeClass":"primitive","value":"ICPSR subject classifications"}}]},{"typeName":"notesText","multiple":false,"typeClass":"primitive","value":"Version Date: 1995-06-05Version Text: 1995-06-05 Subject: null  Type: null  Notes: LRECL with SAS and SPSS data definition statements;Subject: Study Level Error Note, Notes: Most of the information for this collection is   available ONLY in typed and photocopied form. The exception is   statewide referenda data from 1968 to 1990, which ICPSR has converted   into machine-readable form. Included in this portion of the collection   are the county vote breakdowns for approximately 4,241 referenda voted   upon in primary and general elections throughout the United States. A   typed hardcopy codebook accompanies each state file. The primary   election data are NOT available in machine-readable form. It is   possible to supply, on a cost basis, limited portions of the referenda   and primary election returns that are not machine-readable in the form  of photocopies.; Subject: null  Type: null  Notes: Data file(s), and electronic documentation.;"},{"typeName":"distributor","multiple":true,"typeClass":"compound","value":[{"distributorName":{"typeName":"distributorName","multiple":false,"typeClass":"primitive","value":"Inter-university Consortium for Political and Social Research"},"distributorAffiliation":{"typeName":"distributorAffiliation","multiple":false,"typeClass":"primitive","value":"Institute for Social Research, University of Michigan"},"distributorAbbreviation":{"typeName":"distributorAbbreviation","multiple":false,"typeClass":"primitive","value":"ICPSR"},"distributorURL":{"typeName":"distributorURL","multiple":false,"typeClass":"primitive","value":"http://www.icpsr.umich.edu/"},"distributorLogoURL":{"typeName":"distributorLogoURL","multiple":false,"typeClass":"primitive","value":"http://www.icpsr.umich.edu/images/icpsr-logo.gif"}}]},{"typeName":"distributionDate","multiple":false,"typeClass":"primitive","value":"1984-06-19"},{"typeName":"kindOfData","multiple":true,"typeClass":"primitive","value":["aggregate data"]},{"typeName":"series","multiple":false,"typeClass":"compound","value":{"seriesName":{"typeName":"seriesName","multiple":false,"typeClass":"primitive","value":"Referenda and Primary Election Data [United States] Series"}}},{"typeName":"dataSources","multiple":true,"typeClass":"primitive","value":["official election returns provided by state governments"]}]},"geospatial":{"displayName":"Geospatial Metadata","fields":[{"typeName":"geographicCoverage","multiple":true,"typeClass":"compound","value":[{"otherGeographicCoverage":{"typeName":"otherGeographicCoverage","multiple":false,"typeClass":"primitive","value":"Please see geographic coverage."}},{"otherGeographicCoverage":{"typeName":"otherGeographicCoverage","multiple":false,"typeClass":"primitive","value":"Alabama"}},{"otherGeographicCoverage":{"typeName":"otherGeographicCoverage","multiple":false,"typeClass":"primitive","value":"Alaska"}},{"otherGeographicCoverage":{"typeName":"otherGeographicCoverage","multiple":false,"typeClass":"primitive","value":"Arizona"}},{"otherGeographicCoverage":{"typeName":"otherGeographicCoverage","multiple":false,"typeClass":"primitive","value":"Arkansas"}},{"otherGeographicCoverage":{"typeName":"otherGeographicCoverage","multiple":false,"typeClass":"primitive","value":"California"}},{"otherGeographicCoverage":{"typeName":"otherGeographicCoverage","multiple":false,"typeClass":"primitive","value":"Colorado"}},{"otherGeographicCoverage":{"typeName":"otherGeographicCoverage","multiple":false,"typeClass":"primitive","value":"Connecticut"}},{"otherGeographicCoverage":{"typeName":"otherGeographicCoverage","multiple":false,"typeClass":"primitive","value":"Delaware"}},{"otherGeographicCoverage":{"typeName":"otherGeographicCoverage","multiple":false,"typeClass":"primitive","value":"Florida"}},{"otherGeographicCoverage":{"typeName":"otherGeographicCoverage","multiple":false,"typeClass":"primitive","value":"Georgia"}},{"otherGeographicCoverage":{"typeName":"otherGeographicCoverage","multiple":false,"typeClass":"primitive","value":"Hawaii"}},{"otherGeographicCoverage":{"typeName":"otherGeographicCoverage","multiple":false,"typeClass":"primitive","value":"Idaho"}},{"otherGeographicCoverage":{"typeName":"otherGeographicCoverage","multiple":false,"typeClass":"primitive","value":"Illinois"}},{"otherGeographicCoverage":{"typeName":"otherGeographicCoverage","multiple":false,"typeClass":"primitive","value":"Indiana"}},{"otherGeographicCoverage":{"typeName":"otherGeographicCoverage","multiple":false,"typeClass":"primitive","value":"Iowa"}},{"otherGeographicCoverage":{"typeName":"otherGeographicCoverage","multiple":false,"typeClass":"primitive","value":"Kansas"}},{"otherGeographicCoverage":{"typeName":"otherGeographicCoverage","multiple":false,"typeClass":"primitive","value":"Kentucky"}},{"otherGeographicCoverage":{"typeName":"otherGeographicCoverage","multiple":false,"typeClass":"primitive","value":"Louisiana"}},{"otherGeographicCoverage":{"typeName":"otherGeographicCoverage","multiple":false,"typeClass":"primitive","value":"Maine"}},{"otherGeographicCoverage":{"typeName":"otherGeographicCoverage","multiple":false,"typeClass":"primitive","value":"Maryland"}},{"otherGeographicCoverage":{"typeName":"otherGeographicCoverage","multiple":false,"typeClass":"primitive","value":"Massachusetts"}},{"otherGeographicCoverage":{"typeName":"otherGeographicCoverage","multiple":false,"typeClass":"primitive","value":"Michigan"}},{"otherGeographicCoverage":{"typeName":"otherGeographicCoverage","multiple":false,"typeClass":"primitive","value":"Minnesota"}},{"otherGeographicCoverage":{"typeName":"otherGeographicCoverage","multiple":false,"typeClass":"primitive","value":"Mississippi"}},{"otherGeographicCoverage":{"typeName":"otherGeographicCoverage","multiple":false,"typeClass":"primitive","value":"Missouri"}},{"otherGeographicCoverage":{"typeName":"otherGeographicCoverage","multiple":false,"typeClass":"primitive","value":"Montana"}},{"otherGeographicCoverage":{"typeName":"otherGeographicCoverage","multiple":false,"typeClass":"primitive","value":"Nebraska"}},{"otherGeographicCoverage":{"typeName":"otherGeographicCoverage","multiple":false,"typeClass":"primitive","value":"Nevada"}},{"otherGeographicCoverage":{"typeName":"otherGeographicCoverage","multiple":false,"typeClass":"primitive","value":"New Hampshire"}},{"otherGeographicCoverage":{"typeName":"otherGeographicCoverage","multiple":false,"typeClass":"primitive","value":"New Jersey"}},{"otherGeographicCoverage":{"typeName":"otherGeographicCoverage","multiple":false,"typeClass":"primitive","value":"New Mexico"}},{"otherGeographicCoverage":{"typeName":"otherGeographicCoverage","multiple":false,"typeClass":"primitive","value":"New York"}},{"otherGeographicCoverage":{"typeName":"otherGeographicCoverage","multiple":false,"typeClass":"primitive","value":"North Carolina"}},{"otherGeographicCoverage":{"typeName":"otherGeographicCoverage","multiple":false,"typeClass":"primitive","value":"North Dakota"}},{"otherGeographicCoverage":{"typeName":"otherGeographicCoverage","multiple":false,"typeClass":"primitive","value":"Ohio"}},{"otherGeographicCoverage":{"typeName":"otherGeographicCoverage","multiple":false,"typeClass":"primitive","value":"Oklahoma"}},{"otherGeographicCoverage":{"typeName":"otherGeographicCoverage","multiple":false,"typeClass":"primitive","value":"Oregon"}},{"otherGeographicCoverage":{"typeName":"otherGeographicCoverage","multiple":false,"typeClass":"primitive","value":"Pennsylvania"}},{"otherGeographicCoverage":{"typeName":"otherGeographicCoverage","multiple":false,"typeClass":"primitive","value":"Rhode Island"}},{"otherGeographicCoverage":{"typeName":"otherGeographicCoverage","multiple":false,"typeClass":"primitive","value":"South Carolina"}},{"otherGeographicCoverage":{"typeName":"otherGeographicCoverage","multiple":false,"typeClass":"primitive","value":"South Dakota"}},{"otherGeographicCoverage":{"typeName":"otherGeographicCoverage","multiple":false,"typeClass":"primitive","value":"Tennessee"}},{"otherGeographicCoverage":{"typeName":"otherGeographicCoverage","multiple":false,"typeClass":"primitive","value":"Texas"}},{"otherGeographicCoverage":{"typeName":"otherGeographicCoverage","multiple":false,"typeClass":"primitive","value":"Utah"}},{"otherGeographicCoverage":{"typeName":"otherGeographicCoverage","multiple":false,"typeClass":"primitive","value":"Vermont"}},{"otherGeographicCoverage":{"typeName":"otherGeographicCoverage","multiple":false,"typeClass":"primitive","value":"Virginia"}},{"otherGeographicCoverage":{"typeName":"otherGeographicCoverage","multiple":false,"typeClass":"primitive","value":"Washington"}},{"otherGeographicCoverage":{"typeName":"otherGeographicCoverage","multiple":false,"typeClass":"primitive","value":"West Virginia"}},{"otherGeographicCoverage":{"typeName":"otherGeographicCoverage","multiple":false,"typeClass":"primitive","value":"Wisconsin"}},{"otherGeographicCoverage":{"typeName":"otherGeographicCoverage","multiple":false,"typeClass":"primitive","value":"Wyoming"}}]}]},"socialscience":{"displayName":"Social Science and Humanities Metadata","fields":[{"typeName":"cleaningOperations","multiple":false,"typeClass":"primitive","value":"Performed consistency checks."}]}},"files":[{"description":"","label":"Referenda Elections for Alabama, 1968-1990 (State 41)","restricted":false,"version":1,"datasetVersionId":35908,"dataFile":{"id":2615692,"persistentId":"","pidURL":"","filename":"Referenda Elections for Alabama, 1968-1990 (State 41)","contentType":"data/various-formats","filesize":0,"description":"","storageIdentifier":"","rootDataFileId":-1,"md5":"","checksum":{"type":"MD5","value":""}}},{"description":"","label":"Referenda Elections for Alaska, 1968-1990 (State 81)","restricted":false,"version":1,"datasetVersionId":35908,"dataFile":{"id":2615718,"persistentId":"","pidURL":"","filename":"Referenda Elections for Alaska, 1968-1990 (State 81)","contentType":"data/various-formats","filesize":0,"description":"","storageIdentifier":"","rootDataFileId":-1,"md5":"","checksum":{"type":"MD5","value":""}}},{"description":"","label":"Referenda Elections for Arizona, 1968-1990 (State 61)","restricted":false,"version":1,"datasetVersionId":35908,"dataFile":{"id":2615707,"persistentId":"","pidURL":"","filename":"Referenda Elections for Arizona, 1968-1990 (State 61)","contentType":"data/various-formats","filesize":0,"description":"","storageIdentifier":"","rootDataFileId":-1,"md5":"","checksum":{"type":"MD5","value":""}}},{"description":"","label":"Referenda Elections for Arkansas, 1968-1990 (State 42)","restricted":false,"version":1,"datasetVersionId":35908,"dataFile":{"id":2615693,"persistentId":"","pidURL":"","filename":"Referenda Elections for Arkansas, 1968-1990 (State 42)","contentType":"data/various-formats","filesize":0,"description":"","storageIdentifier":"","rootDataFileId":-1,"md5":"","checksum":{"type":"MD5","value":""}}},{"description":"","label":"Referenda Elections for California, 1968-1990 (State 71)","restricted":false,"version":1,"datasetVersionId":35908,"dataFile":{"id":2615715,"persistentId":"","pidURL":"","filename":"Referenda Elections for California, 1968-1990 (State 71)","contentType":"data/various-formats","filesize":0,"description":"","storageIdentifier":"","rootDataFileId":-1,"md5":"","checksum":{"type":"MD5","value":""}}},{"description":"","label":"Referenda Elections for Colorado, 1968-1990 (State 62)","restricted":false,"version":1,"datasetVersionId":35908,"dataFile":{"id":2615708,"persistentId":"","pidURL":"","filename":"Referenda Elections for Colorado, 1968-1990 (State 62)","contentType":"data/various-formats","filesize":0,"description":"","storageIdentifier":"","rootDataFileId":-1,"md5":"","checksum":{"type":"MD5","value":""}}},{"description":"","label":"Referenda Elections for Connecticut, 1970-1990 (State 01)","restricted":false,"version":1,"datasetVersionId":35908,"dataFile":{"id":2615670,"persistentId":"","pidURL":"","filename":"Referenda Elections for Connecticut, 1970-1990 (State 01)","contentType":"data/various-formats","filesize":0,"description":"","storageIdentifier":"","rootDataFileId":-1,"md5":"","checksum":{"type":"MD5","value":""}}},{"description":"","label":"Referenda Elections for Delaware, 1976-1984 (State 11)","restricted":false,"version":1,"datasetVersionId":35908,"dataFile":{"id":2615676,"persistentId":"","pidURL":"","filename":"Referenda Elections for Delaware, 1976-1984 (State 11)","contentType":"data/various-formats","filesize":0,"description":"","storageIdentifier":"","rootDataFileId":-1,"md5":"","checksum":{"type":"MD5","value":""}}},{"description":"","label":"Referenda Elections for Florida, 1968-1990 (State 43)","restricted":false,"version":1,"datasetVersionId":35908,"dataFile":{"id":2615694,"persistentId":"","pidURL":"","filename":"Referenda Elections for Florida, 1968-1990 (State 43)","contentType":"data/various-formats","filesize":0,"description":"","storageIdentifier":"","rootDataFileId":-1,"md5":"","checksum":{"type":"MD5","value":""}}},{"description":"","label":"Referenda Elections for Georgia, 1968-1990 (State 44)","restricted":false,"version":1,"datasetVersionId":35908,"dataFile":{"id":2615695,"persistentId":"","pidURL":"","filename":"Referenda Elections for Georgia, 1968-1990 (State 44)","contentType":"data/various-formats","filesize":0,"description":"","storageIdentifier":"","rootDataFileId":-1,"md5":"","checksum":{"type":"MD5","value":""}}},{"description":"","label":"Referenda Elections for Hawaii, 1968-1990 (State 82)","restricted":false,"version":1,"datasetVersionId":35908,"dataFile":{"id":2615719,"persistentId":"","pidURL":"","filename":"Referenda Elections for Hawaii, 1968-1990 (State 82)","contentType":"data/various-formats","filesize":0,"description":"","storageIdentifier":"","rootDataFileId":-1,"md5":"","checksum":{"type":"MD5","value":""}}},{"description":"","label":"Referenda Elections for Idaho, 1968-1990 (State 63)","restricted":false,"version":1,"datasetVersionId":35908,"dataFile":{"id":2615709,"persistentId":"","pidURL":"","filename":"Referenda Elections for Idaho, 1968-1990 (State 63)","contentType":"data/various-formats","filesize":0,"description":"","storageIdentifier":"","rootDataFileId":-1,"md5":"","checksum":{"type":"MD5","value":""}}},{"description":"","label":"Referenda Elections for Illinois, 1968-1990 (State 21)","restricted":false,"version":1,"datasetVersionId":35908,"dataFile":{"id":2615680,"persistentId":"","pidURL":"","filename":"Referenda Elections for Illinois, 1968-1990 (State 21)","contentType":"data/various-formats","filesize":0,"description":"","storageIdentifier":"","rootDataFileId":-1,"md5":"","checksum":{"type":"MD5","value":""}}},{"description":"","label":"Referenda Elections for Indiana, 1968-1990 (State 22)","restricted":false,"version":1,"datasetVersionId":35908,"dataFile":{"id":2615681,"persistentId":"","pidURL":"","filename":"Referenda Elections for Indiana, 1968-1990 (State 22)","contentType":"data/various-formats","filesize":0,"description":"","storageIdentifier":"","rootDataFileId":-1,"md5":"","checksum":{"type":"MD5","value":""}}},{"description":"","label":"Referenda Elections for Iowa, 1968-1990 (State 31)","restricted":false,"version":1,"datasetVersionId":35908,"dataFile":{"id":2615685,"persistentId":"","pidURL":"","filename":"Referenda Elections for Iowa, 1968-1990 (State 31)","contentType":"data/various-formats","filesize":0,"description":"","storageIdentifier":"","rootDataFileId":-1,"md5":"","checksum":{"type":"MD5","value":""}}},{"description":"","label":"Referenda Elections for Kansas, 1968-1990 (State 32)","restricted":false,"version":1,"datasetVersionId":35908,"dataFile":{"id":2615686,"persistentId":"","pidURL":"","filename":"Referenda Elections for Kansas, 1968-1990 (State 32)","contentType":"data/various-formats","filesize":0,"description":"","storageIdentifier":"","rootDataFileId":-1,"md5":"","checksum":{"type":"MD5","value":""}}},{"description":"","label":"Referenda Elections for Kentucky, 1970-1990 (State 51)","restricted":false,"version":1,"datasetVersionId":35908,"dataFile":{"id":2615702,"persistentId":"","pidURL":"","filename":"Referenda Elections for Kentucky, 1970-1990 (State 51)","contentType":"data/various-formats","filesize":0,"description":"","storageIdentifier":"","rootDataFileId":-1,"md5":"","checksum":{"type":"MD5","value":""}}},{"description":"","label":"Referenda Elections for Louisiana, 1968-1990 (State 45)","restricted":false,"version":1,"datasetVersionId":35908,"dataFile":{"id":2615696,"persistentId":"","pidURL":"","filename":"Referenda Elections for Louisiana, 1968-1990 (State 45)","contentType":"data/various-formats","filesize":0,"description":"","storageIdentifier":"","rootDataFileId":-1,"md5":"","checksum":{"type":"MD5","value":""}}},{"description":"","label":"Referenda Elections for Maine, 1967-1990 (State 02)","restricted":false,"version":1,"datasetVersionId":35908,"dataFile":{"id":2615671,"persistentId":"","pidURL":"","filename":"Referenda Elections for Maine, 1967-1990 (State 02)","contentType":"data/various-formats","filesize":0,"description":"","storageIdentifier":"","rootDataFileId":-1,"md5":"","checksum":{"type":"MD5","value":""}}},{"description":"","label":"Referenda Elections for Maryland, 1968-1990 (State 52)","restricted":false,"version":1,"datasetVersionId":35908,"dataFile":{"id":2615703,"persistentId":"","pidURL":"","filename":"Referenda Elections for Maryland, 1968-1990 (State 52)","contentType":"data/various-formats","filesize":0,"description":"","storageIdentifier":"","rootDataFileId":-1,"md5":"","checksum":{"type":"MD5","value":""}}},{"description":"","label":"Referenda Elections for Massachusetts, 1968-1990 (State 03)","restricted":false,"version":1,"datasetVersionId":35908,"dataFile":{"id":2615672,"persistentId":"","pidURL":"","filename":"Referenda Elections for Massachusetts, 1968-1990 (State 03)","contentType":"data/various-formats","filesize":0,"description":"","storageIdentifier":"","rootDataFileId":-1,"md5":"","checksum":{"type":"MD5","value":""}}},{"description":"","label":"Referenda Elections for Michigan, 1968-1988 (State 23)","restricted":false,"version":1,"datasetVersionId":35908,"dataFile":{"id":2615682,"persistentId":"","pidURL":"","filename":"Referenda Elections for Michigan, 1968-1988 (State 23)","contentType":"data/various-formats","filesize":0,"description":"","storageIdentifier":"","rootDataFileId":-1,"md5":"","checksum":{"type":"MD5","value":""}}},{"description":"","label":"Referenda Elections for Minnesota, 1968-1990 (State 33)","restricted":false,"version":1,"datasetVersionId":35908,"dataFile":{"id":2615687,"persistentId":"","pidURL":"","filename":"Referenda Elections for Minnesota, 1968-1990 (State 33)","contentType":"data/various-formats","filesize":0,"description":"","storageIdentifier":"","rootDataFileId":-1,"md5":"","checksum":{"type":"MD5","value":""}}},{"description":"","label":"Referenda Elections for Mississippi, 1968-1990 (State 46)","restricted":false,"version":1,"datasetVersionId":35908,"dataFile":{"id":2615697,"persistentId":"","pidURL":"","filename":"Referenda Elections for Mississippi, 1968-1990 (State 46)","contentType":"data/various-formats","filesize":0,"description":"","storageIdentifier":"","rootDataFileId":-1,"md5":"","checksum":{"type":"MD5","value":""}}},{"description":"","label":"Referenda Elections for Missouri, 1968-1990 (State 34)","restricted":false,"version":1,"datasetVersionId":35908,"dataFile":{"id":2615688,"persistentId":"","pidURL":"","filename":"Referenda Elections for Missouri, 1968-1990 (State 34)","contentType":"data/various-formats","filesize":0,"description":"","storageIdentifier":"","rootDataFileId":-1,"md5":"","checksum":{"type":"MD5","value":""}}},{"description":"","label":"Referenda Elections for Montana, 1968-1990 (State 64)","restricted":false,"version":1,"datasetVersionId":35908,"dataFile":{"id":2615710,"persistentId":"","pidURL":"","filename":"Referenda Elections for Montana, 1968-1990 (State 64)","contentType":"data/various-formats","filesize":0,"description":"","storageIdentifier":"","rootDataFileId":-1,"md5":"","checksum":{"type":"MD5","value":""}}},{"description":"","label":"Referenda Elections for Nebraska, 1860-1990 (State 35)","restricted":false,"version":1,"datasetVersionId":35908,"dataFile":{"id":2615689,"persistentId":"","pidURL":"","filename":"Referenda Elections for Nebraska, 1860-1990 (State 35)","contentType":"data/various-formats","filesize":0,"description":"","storageIdentifier":"","rootDataFileId":-1,"md5":"","checksum":{"type":"MD5","value":""}}},{"description":"","label":"Referenda Elections for Nevada, 1968-1990 (State 65)","restricted":false,"version":1,"datasetVersionId":35908,"dataFile":{"id":2615711,"persistentId":"","pidURL":"","filename":"Referenda Elections for Nevada, 1968-1990 (State 65)","contentType":"data/various-formats","filesize":0,"description":"","storageIdentifier":"","rootDataFileId":-1,"md5":"","checksum":{"type":"MD5","value":""}}},{"description":"","label":"Referenda Elections for New Hampshire, 1968-1990 (State 04)","restricted":false,"version":1,"datasetVersionId":35908,"dataFile":{"id":2615673,"persistentId":"","pidURL":"","filename":"Referenda Elections for New Hampshire, 1968-1990 (State 04)","contentType":"data/various-formats","filesize":0,"description":"","storageIdentifier":"","rootDataFileId":-1,"md5":"","checksum":{"type":"MD5","value":""}}},{"description":"","label":"Referenda Elections for New Jersey, 1968-1990 (State 12)","restricted":false,"version":1,"datasetVersionId":35908,"dataFile":{"id":2615677,"persistentId":"","pidURL":"","filename":"Referenda Elections for New Jersey, 1968-1990 (State 12)","contentType":"data/various-formats","filesize":0,"description":"","storageIdentifier":"","rootDataFileId":-1,"md5":"","checksum":{"type":"MD5","value":""}}},{"description":"","label":"Referenda Elections for New Mexico, 1968-1990 (State 66)","restricted":false,"version":1,"datasetVersionId":35908,"dataFile":{"id":2615712,"persistentId":"","pidURL":"","filename":"Referenda Elections for New Mexico, 1968-1990 (State 66)","contentType":"data/various-formats","filesize":0,"description":"","storageIdentifier":"","rootDataFileId":-1,"md5":"","checksum":{"type":"MD5","value":""}}},{"description":"","label":"Referenda Elections for New York, 1967-1990 (State 13)","restricted":false,"version":1,"datasetVersionId":35908,"dataFile":{"id":2615678,"persistentId":"","pidURL":"","filename":"Referenda Elections for New York, 1967-1990 (State 13)","contentType":"data/various-formats","filesize":0,"description":"","storageIdentifier":"","rootDataFileId":-1,"md5":"","checksum":{"type":"MD5","value":""}}},{"description":"","label":"Referenda Elections for North Carolina, 1968-1990 (State 47)","restricted":false,"version":1,"datasetVersionId":35908,"dataFile":{"id":2615698,"persistentId":"","pidURL":"","filename":"Referenda Elections for North Carolina, 1968-1990 (State 47)","contentType":"data/various-formats","filesize":0,"description":"","storageIdentifier":"","rootDataFileId":-1,"md5":"","checksum":{"type":"MD5","value":""}}},{"description":"","label":"Referenda Elections for North Dakota, 1968-1990 (State 36)","restricted":false,"version":1,"datasetVersionId":35908,"dataFile":{"id":2615690,"persistentId":"","pidURL":"","filename":"Referenda Elections for North Dakota, 1968-1990 (State 36)","contentType":"data/various-formats","filesize":0,"description":"","storageIdentifier":"","rootDataFileId":-1,"md5":"","checksum":{"type":"MD5","value":""}}},{"description":"","label":"Referenda Elections for Ohio, 1967-1990 (State 24)","restricted":false,"version":1,"datasetVersionId":35908,"dataFile":{"id":2615683,"persistentId":"","pidURL":"","filename":"Referenda Elections for Ohio, 1967-1990 (State 24)","contentType":"data/various-formats","filesize":0,"description":"","storageIdentifier":"","rootDataFileId":-1,"md5":"","checksum":{"type":"MD5","value":""}}},{"description":"","label":"Referenda Elections for Oklahoma, 1968-1990 (State 53)","restricted":false,"version":1,"datasetVersionId":35908,"dataFile":{"id":2615704,"persistentId":"","pidURL":"","filename":"Referenda Elections for Oklahoma, 1968-1990 (State 53)","contentType":"data/various-formats","filesize":0,"description":"","storageIdentifier":"","rootDataFileId":-1,"md5":"","checksum":{"type":"MD5","value":""}}},{"description":"","label":"Referenda Elections for Oregon, 1968-1990 (State 72)","restricted":false,"version":1,"datasetVersionId":35908,"dataFile":{"id":2615716,"persistentId":"","pidURL":"","filename":"Referenda Elections for Oregon, 1968-1990 (State 72)","contentType":"data/various-formats","filesize":0,"description":"","storageIdentifier":"","rootDataFileId":-1,"md5":"","checksum":{"type":"MD5","value":""}}},{"description":"","label":"Referenda Elections for Pennsylvania, 1967-1990 (State 14)","restricted":false,"version":1,"datasetVersionId":35908,"dataFile":{"id":2615679,"persistentId":"","pidURL":"","filename":"Referenda Elections for Pennsylvania, 1967-1990 (State 14)","contentType":"data/various-formats","filesize":0,"description":"","storageIdentifier":"","rootDataFileId":-1,"md5":"","checksum":{"type":"MD5","value":""}}},{"description":"","label":"Referenda Elections for Rhode Island, 1968-1990 (State 05)","restricted":false,"version":1,"datasetVersionId":35908,"dataFile":{"id":2615674,"persistentId":"","pidURL":"","filename":"Referenda Elections for Rhode Island, 1968-1990 (State 05)","contentType":"data/various-formats","filesize":0,"description":"","storageIdentifier":"","rootDataFileId":-1,"md5":"","checksum":{"type":"MD5","value":""}}},{"description":"","label":"Referenda Elections for South Carolina, 1968-1990 (State 48)","restricted":false,"version":1,"datasetVersionId":35908,"dataFile":{"id":2615699,"persistentId":"","pidURL":"","filename":"Referenda Elections for South Carolina, 1968-1990 (State 48)","contentType":"data/various-formats","filesize":0,"description":"","storageIdentifier":"","rootDataFileId":-1,"md5":"","checksum":{"type":"MD5","value":""}}},{"description":"","label":"Referenda Elections for South Dakota, 1968-1990 (State 37)","restricted":false,"version":1,"datasetVersionId":35908,"dataFile":{"id":2615691,"persistentId":"","pidURL":"","filename":"Referenda Elections for South Dakota, 1968-1990 (State 37)","contentType":"data/various-formats","filesize":0,"description":"","storageIdentifier":"","rootDataFileId":-1,"md5":"","checksum":{"type":"MD5","value":""}}},{"description":"","label":"Referenda Elections for Tennessee, 1968-1982 (State 54)","restricted":false,"version":1,"datasetVersionId":35908,"dataFile":{"id":2615705,"persistentId":"","pidURL":"","filename":"Referenda Elections for Tennessee, 1968-1982 (State 54)","contentType":"data/various-formats","filesize":0,"description":"","storageIdentifier":"","rootDataFileId":-1,"md5":"","checksum":{"type":"MD5","value":""}}},{"description":"","label":"Referenda Elections for Texas, 1968-1990 (State 49)","restricted":false,"version":1,"datasetVersionId":35908,"dataFile":{"id":2615700,"persistentId":"","pidURL":"","filename":"Referenda Elections for Texas, 1968-1990 (State 49)","contentType":"data/various-formats","filesize":0,"description":"","storageIdentifier":"","rootDataFileId":-1,"md5":"","checksum":{"type":"MD5","value":""}}},{"description":"","label":"Referenda Elections for Utah, 1968-1990 (State 67)","restricted":false,"version":1,"datasetVersionId":35908,"dataFile":{"id":2615713,"persistentId":"","pidURL":"","filename":"Referenda Elections for Utah, 1968-1990 (State 67)","contentType":"data/various-formats","filesize":0,"description":"","storageIdentifier":"","rootDataFileId":-1,"md5":"","checksum":{"type":"MD5","value":""}}},{"description":"","label":"Referenda Elections for Vermont, 1976-1986 (State 06)","restricted":false,"version":1,"datasetVersionId":35908,"dataFile":{"id":2615675,"persistentId":"","pidURL":"","filename":"Referenda Elections for Vermont, 1976-1986 (State 06)","contentType":"data/various-formats","filesize":0,"description":"","storageIdentifier":"","rootDataFileId":-1,"md5":"","checksum":{"type":"MD5","value":""}}},{"description":"","label":"Referenda Elections for Virginia, 1968-1990 (State 40)","restricted":false,"version":1,"datasetVersionId":35908,"dataFile":{"id":2615701,"persistentId":"","pidURL":"","filename":"Referenda Elections for Virginia, 1968-1990 (State 40)","contentType":"data/various-formats","filesize":0,"description":"","storageIdentifier":"","rootDataFileId":-1,"md5":"","checksum":{"type":"MD5","value":""}}},{"description":"","label":"Referenda Elections for Washington, 1968-1990 (State 73)","restricted":false,"version":1,"datasetVersionId":35908,"dataFile":{"id":2615717,"persistentId":"","pidURL":"","filename":"Referenda Elections for Washington, 1968-1990 (State 73)","contentType":"data/various-formats","filesize":0,"description":"","storageIdentifier":"","rootDataFileId":-1,"md5":"","checksum":{"type":"MD5","value":""}}},{"description":"","label":"Referenda Elections for West Virginia, 1968-1990 (State 56)","restricted":false,"version":1,"datasetVersionId":35908,"dataFile":{"id":2615706,"persistentId":"","pidURL":"","filename":"Referenda Elections for West Virginia, 1968-1990 (State 56)","contentType":"data/various-formats","filesize":0,"description":"","storageIdentifier":"","rootDataFileId":-1,"md5":"","checksum":{"type":"MD5","value":""}}},{"description":"","label":"Referenda Elections for Wisconsin, 1967-1990 (State 25)","restricted":false,"version":1,"datasetVersionId":35908,"dataFile":{"id":2615684,"persistentId":"","pidURL":"","filename":"Referenda Elections for Wisconsin, 1967-1990 (State 25)","contentType":"data/various-formats","filesize":0,"description":"","storageIdentifier":"","rootDataFileId":-1,"md5":"","checksum":{"type":"MD5","value":""}}},{"description":"","label":"Referenda Elections for Wyoming, 1968-1990 (State 68)","restricted":false,"version":1,"datasetVersionId":35908,"dataFile":{"id":2615714,"persistentId":"","pidURL":"","filename":"Referenda Elections for Wyoming, 1968-1990 (State 68)","contentType":"data/various-formats","filesize":0,"description":"","storageIdentifier":"","rootDataFileId":-1,"md5":"","checksum":{"type":"MD5","value":""}}},{"description":"","label":"SAS Data Definition Statements for Referenda Elections for Alabama, 1968-1990 (State 41)","restricted":false,"version":1,"datasetVersionId":35908,"dataFile":{"id":2615742,"persistentId":"","pidURL":"","filename":"SAS Data Definition Statements for Referenda Elections for Alabama, 1968-1990 (State 41)","contentType":"data/various-formats","filesize":0,"description":"","storageIdentifier":"","rootDataFileId":-1,"md5":"","checksum":{"type":"MD5","value":""}}},{"description":"","label":"SAS Data Definition Statements for Referenda Elections for Alaska, 1968-1990 (State 81)","restricted":false,"version":1,"datasetVersionId":35908,"dataFile":{"id":2615768,"persistentId":"","pidURL":"","filename":"SAS Data Definition Statements for Referenda Elections for Alaska, 1968-1990 (State 81)","contentType":"data/various-formats","filesize":0,"description":"","storageIdentifier":"","rootDataFileId":-1,"md5":"","checksum":{"type":"MD5","value":""}}},{"description":"","label":"SAS Data Definition Statements for Referenda Elections for Arizona, 1968-1990 (State 61)","restricted":false,"version":1,"datasetVersionId":35908,"dataFile":{"id":2615757,"persistentId":"","pidURL":"","filename":"SAS Data Definition Statements for Referenda Elections for Arizona, 1968-1990 (State 61)","contentType":"data/various-formats","filesize":0,"description":"","storageIdentifier":"","rootDataFileId":-1,"md5":"","checksum":{"type":"MD5","value":""}}},{"description":"","label":"SAS Data Definition Statements for Referenda Elections for Arkansas, 1968-1990 (State 42)","restricted":false,"version":1,"datasetVersionId":35908,"dataFile":{"id":2615743,"persistentId":"","pidURL":"","filename":"SAS Data Definition Statements for Referenda Elections for Arkansas, 1968-1990 (State 42)","contentType":"data/various-formats","filesize":0,"description":"","storageIdentifier":"","rootDataFileId":-1,"md5":"","checksum":{"type":"MD5","value":""}}},{"description":"","label":"SAS Data Definition Statements for Referenda Elections for California, 1968-1990 (State 71)","restricted":false,"version":1,"datasetVersionId":35908,"dataFile":{"id":2615765,"persistentId":"","pidURL":"","filename":"SAS Data Definition Statements for Referenda Elections for California, 1968-1990 (State 71)","contentType":"data/various-formats","filesize":0,"description":"","storageIdentifier":"","rootDataFileId":-1,"md5":"","checksum":{"type":"MD5","value":""}}},{"description":"","label":"SAS Data Definition Statements for Referenda Elections for Colorado, 1968-1990 (State 62)","restricted":false,"version":1,"datasetVersionId":35908,"dataFile":{"id":2615758,"persistentId":"","pidURL":"","filename":"SAS Data Definition Statements for Referenda Elections for Colorado, 1968-1990 (State 62)","contentType":"data/various-formats","filesize":0,"description":"","storageIdentifier":"","rootDataFileId":-1,"md5":"","checksum":{"type":"MD5","value":""}}},{"description":"","label":"SAS Data Definition Statements for Referenda Elections for Connecticut, 1970-1990 (State 01)","restricted":false,"version":1,"datasetVersionId":35908,"dataFile":{"id":2615720,"persistentId":"","pidURL":"","filename":"SAS Data Definition Statements for Referenda Elections for Connecticut, 1970-1990 (State 01)","contentType":"data/various-formats","filesize":0,"description":"","storageIdentifier":"","rootDataFileId":-1,"md5":"","checksum":{"type":"MD5","value":""}}},{"description":"","label":"SAS Data Definition Statements for Referenda Elections for Delaware, 1976-1984 (State 11)","restricted":false,"version":1,"datasetVersionId":35908,"dataFile":{"id":2615726,"persistentId":"","pidURL":"","filename":"SAS Data Definition Statements for Referenda Elections for Delaware, 1976-1984 (State 11)","contentType":"data/various-formats","filesize":0,"description":"","storageIdentifier":"","rootDataFileId":-1,"md5":"","checksum":{"type":"MD5","value":""}}},{"description":"","label":"SAS Data Definition Statements for Referenda Elections for Florida, 1968-1990 (State 43)","restricted":false,"version":1,"datasetVersionId":35908,"dataFile":{"id":2615744,"persistentId":"","pidURL":"","filename":"SAS Data Definition Statements for Referenda Elections for Florida, 1968-1990 (State 43)","contentType":"data/various-formats","filesize":0,"description":"","storageIdentifier":"","rootDataFileId":-1,"md5":"","checksum":{"type":"MD5","value":""}}},{"description":"","label":"SAS Data Definition Statements for Referenda Elections for Georgia, 1968-1990 (State 44)","restricted":false,"version":1,"datasetVersionId":35908,"dataFile":{"id":2615745,"persistentId":"","pidURL":"","filename":"SAS Data Definition Statements for Referenda Elections for Georgia, 1968-1990 (State 44)","contentType":"data/various-formats","filesize":0,"description":"","storageIdentifier":"","rootDataFileId":-1,"md5":"","checksum":{"type":"MD5","value":""}}},{"description":"","label":"SAS Data Definition Statements for Referenda Elections for Hawaii, 1968-1990 (State 82)","restricted":false,"version":1,"datasetVersionId":35908,"dataFile":{"id":2615769,"persistentId":"","pidURL":"","filename":"SAS Data Definition Statements for Referenda Elections for Hawaii, 1968-1990 (State 82)","contentType":"data/various-formats","filesize":0,"description":"","storageIdentifier":"","rootDataFileId":-1,"md5":"","checksum":{"type":"MD5","value":""}}},{"description":"","label":"SAS Data Definition Statements for Referenda Elections for Idaho, 1968-1990 (State 63)","restricted":false,"version":1,"datasetVersionId":35908,"dataFile":{"id":2615759,"persistentId":"","pidURL":"","filename":"SAS Data Definition Statements for Referenda Elections for Idaho, 1968-1990 (State 63)","contentType":"data/various-formats","filesize":0,"description":"","storageIdentifier":"","rootDataFileId":-1,"md5":"","checksum":{"type":"MD5","value":""}}},{"description":"","label":"SAS Data Definition Statements for Referenda Elections for Illinois, 1968-1990 (State 21)","restricted":false,"version":1,"datasetVersionId":35908,"dataFile":{"id":2615730,"persistentId":"","pidURL":"","filename":"SAS Data Definition Statements for Referenda Elections for Illinois, 1968-1990 (State 21)","contentType":"data/various-formats","filesize":0,"description":"","storageIdentifier":"","rootDataFileId":-1,"md5":"","checksum":{"type":"MD5","value":""}}},{"description":"","label":"SAS Data Definition Statements for Referenda Elections for Indiana, 1968-1990 (State 22)","restricted":false,"version":1,"datasetVersionId":35908,"dataFile":{"id":2615731,"persistentId":"","pidURL":"","filename":"SAS Data Definition Statements for Referenda Elections for Indiana, 1968-1990 (State 22)","contentType":"data/various-formats","filesize":0,"description":"","storageIdentifier":"","rootDataFileId":-1,"md5":"","checksum":{"type":"MD5","value":""}}},{"description":"","label":"SAS Data Definition Statements for Referenda Elections for Iowa, 1968-1990 (State 31)","restricted":false,"version":1,"datasetVersionId":35908,"dataFile":{"id":2615735,"persistentId":"","pidURL":"","filename":"SAS Data Definition Statements for Referenda Elections for Iowa, 1968-1990 (State 31)","contentType":"data/various-formats","filesize":0,"description":"","storageIdentifier":"","rootDataFileId":-1,"md5":"","checksum":{"type":"MD5","value":""}}},{"description":"","label":"SAS Data Definition Statements for Referenda Elections for Kansas, 1968-1990 (State 32)","restricted":false,"version":1,"datasetVersionId":35908,"dataFile":{"id":2615736,"persistentId":"","pidURL":"","filename":"SAS Data Definition Statements for Referenda Elections for Kansas, 1968-1990 (State 32)","contentType":"data/various-formats","filesize":0,"description":"","storageIdentifier":"","rootDataFileId":-1,"md5":"","checksum":{"type":"MD5","value":""}}},{"description":"","label":"SAS Data Definition Statements for Referenda Elections for Kentucky, 1970-1990 (State 51)","restricted":false,"version":1,"datasetVersionId":35908,"dataFile":{"id":2615752,"persistentId":"","pidURL":"","filename":"SAS Data Definition Statements for Referenda Elections for Kentucky, 1970-1990 (State 51)","contentType":"data/various-formats","filesize":0,"description":"","storageIdentifier":"","rootDataFileId":-1,"md5":"","checksum":{"type":"MD5","value":""}}},{"description":"","label":"SAS Data Definition Statements for Referenda Elections for Louisiana, 1968-1990 (State 45)","restricted":false,"version":1,"datasetVersionId":35908,"dataFile":{"id":2615746,"persistentId":"","pidURL":"","filename":"SAS Data Definition Statements for Referenda Elections for Louisiana, 1968-1990 (State 45)","contentType":"data/various-formats","filesize":0,"description":"","storageIdentifier":"","rootDataFileId":-1,"md5":"","checksum":{"type":"MD5","value":""}}},{"description":"","label":"SAS Data Definition Statements for Referenda Elections for Maine, 1967-1990 (State 02)","restricted":false,"version":1,"datasetVersionId":35908,"dataFile":{"id":2615721,"persistentId":"","pidURL":"","filename":"SAS Data Definition Statements for Referenda Elections for Maine, 1967-1990 (State 02)","contentType":"data/various-formats","filesize":0,"description":"","storageIdentifier":"","rootDataFileId":-1,"md5":"","checksum":{"type":"MD5","value":""}}},{"description":"","label":"SAS Data Definition Statements for Referenda Elections for Maryland, 1968-1990 (State 52)","restricted":false,"version":1,"datasetVersionId":35908,"dataFile":{"id":2615753,"persistentId":"","pidURL":"","filename":"SAS Data Definition Statements for Referenda Elections for Maryland, 1968-1990 (State 52)","contentType":"data/various-formats","filesize":0,"description":"","storageIdentifier":"","rootDataFileId":-1,"md5":"","checksum":{"type":"MD5","value":""}}},{"description":"","label":"SAS Data Definition Statements for Referenda Elections for Massachusetts, 1968-1990 (State 03)","restricted":false,"version":1,"datasetVersionId":35908,"dataFile":{"id":2615722,"persistentId":"","pidURL":"","filename":"SAS Data Definition Statements for Referenda Elections for Massachusetts, 1968-1990 (State 03)","contentType":"data/various-formats","filesize":0,"description":"","storageIdentifier":"","rootDataFileId":-1,"md5":"","checksum":{"type":"MD5","value":""}}},{"description":"","label":"SAS Data Definition Statements for Referenda Elections for Michigan, 1968-1988 (State 23)","restricted":false,"version":1,"datasetVersionId":35908,"dataFile":{"id":2615732,"persistentId":"","pidURL":"","filename":"SAS Data Definition Statements for Referenda Elections for Michigan, 1968-1988 (State 23)","contentType":"data/various-formats","filesize":0,"description":"","storageIdentifier":"","rootDataFileId":-1,"md5":"","checksum":{"type":"MD5","value":""}}},{"description":"","label":"SAS Data Definition Statements for Referenda Elections for Minnesota, 1968-1990 (State 33)","restricted":false,"version":1,"datasetVersionId":35908,"dataFile":{"id":2615737,"persistentId":"","pidURL":"","filename":"SAS Data Definition Statements for Referenda Elections for Minnesota, 1968-1990 (State 33)","contentType":"data/various-formats","filesize":0,"description":"","storageIdentifier":"","rootDataFileId":-1,"md5":"","checksum":{"type":"MD5","value":""}}},{"description":"","label":"SAS Data Definition Statements for Referenda Elections for Mississippi, 1968-1990 (State 46)","restricted":false,"version":1,"datasetVersionId":35908,"dataFile":{"id":2615747,"persistentId":"","pidURL":"","filename":"SAS Data Definition Statements for Referenda Elections for Mississippi, 1968-1990 (State 46)","contentType":"data/various-formats","filesize":0,"description":"","storageIdentifier":"","rootDataFileId":-1,"md5":"","checksum":{"type":"MD5","value":""}}},{"description":"","label":"SAS Data Definition Statements for Referenda Elections for Missouri, 1968-1990 (State 34)","restricted":false,"version":1,"datasetVersionId":35908,"dataFile":{"id":2615738,"persistentId":"","pidURL":"","filename":"SAS Data Definition Statements for Referenda Elections for Missouri, 1968-1990 (State 34)","contentType":"data/various-formats","filesize":0,"description":"","storageIdentifier":"","rootDataFileId":-1,"md5":"","checksum":{"type":"MD5","value":""}}},{"description":"","label":"SAS Data Definition Statements for Referenda Elections for Montana, 1968-1990 (State 64)","restricted":false,"version":1,"datasetVersionId":35908,"dataFile":{"id":2615760,"persistentId":"","pidURL":"","filename":"SAS Data Definition Statements for Referenda Elections for Montana, 1968-1990 (State 64)","contentType":"data/various-formats","filesize":0,"description":"","storageIdentifier":"","rootDataFileId":-1,"md5":"","checksum":{"type":"MD5","value":""}}},{"description":"","label":"SAS Data Definition Statements for Referenda Elections for Nebraska, 1860-1990 (State 35)","restricted":false,"version":1,"datasetVersionId":35908,"dataFile":{"id":2615739,"persistentId":"","pidURL":"","filename":"SAS Data Definition Statements for Referenda Elections for Nebraska, 1860-1990 (State 35)","contentType":"data/various-formats","filesize":0,"description":"","storageIdentifier":"","rootDataFileId":-1,"md5":"","checksum":{"type":"MD5","value":""}}},{"description":"","label":"SAS Data Definition Statements for Referenda Elections for Nevada, 1968-1990 (State 65)","restricted":false,"version":1,"datasetVersionId":35908,"dataFile":{"id":2615761,"persistentId":"","pidURL":"","filename":"SAS Data Definition Statements for Referenda Elections for Nevada, 1968-1990 (State 65)","contentType":"data/various-formats","filesize":0,"description":"","storageIdentifier":"","rootDataFileId":-1,"md5":"","checksum":{"type":"MD5","value":""}}},{"description":"","label":"SAS Data Definition Statements for Referenda Elections for New Hampshire, 1968-1990 (State 04)","restricted":false,"version":1,"datasetVersionId":35908,"dataFile":{"id":2615723,"persistentId":"","pidURL":"","filename":"SAS Data Definition Statements for Referenda Elections for New Hampshire, 1968-1990 (State 04)","contentType":"data/various-formats","filesize":0,"description":"","storageIdentifier":"","rootDataFileId":-1,"md5":"","checksum":{"type":"MD5","value":""}}},{"description":"","label":"SAS Data Definition Statements for Referenda Elections for New Jersey, 1968-1990 (State 12)","restricted":false,"version":1,"datasetVersionId":35908,"dataFile":{"id":2615727,"persistentId":"","pidURL":"","filename":"SAS Data Definition Statements for Referenda Elections for New Jersey, 1968-1990 (State 12)","contentType":"data/various-formats","filesize":0,"description":"","storageIdentifier":"","rootDataFileId":-1,"md5":"","checksum":{"type":"MD5","value":""}}},{"description":"","label":"SAS Data Definition Statements for Referenda Elections for New Mexico, 1968-1990 (State 66)","restricted":false,"version":1,"datasetVersionId":35908,"dataFile":{"id":2615762,"persistentId":"","pidURL":"","filename":"SAS Data Definition Statements for Referenda Elections for New Mexico, 1968-1990 (State 66)","contentType":"data/various-formats","filesize":0,"description":"","storageIdentifier":"","rootDataFileId":-1,"md5":"","checksum":{"type":"MD5","value":""}}},{"description":"","label":"SAS Data Definition Statements for Referenda Elections for New York, 1967-1990 (State 13)","restricted":false,"version":1,"datasetVersionId":35908,"dataFile":{"id":2615728,"persistentId":"","pidURL":"","filename":"SAS Data Definition Statements for Referenda Elections for New York, 1967-1990 (State 13)","contentType":"data/various-formats","filesize":0,"description":"","storageIdentifier":"","rootDataFileId":-1,"md5":"","checksum":{"type":"MD5","value":""}}},{"description":"","label":"SAS Data Definition Statements for Referenda Elections for North Carolina, 1968-1990 (State 47)","restricted":false,"version":1,"datasetVersionId":35908,"dataFile":{"id":2615748,"persistentId":"","pidURL":"","filename":"SAS Data Definition Statements for Referenda Elections for North Carolina, 1968-1990 (State 47)","contentType":"data/various-formats","filesize":0,"description":"","storageIdentifier":"","rootDataFileId":-1,"md5":"","checksum":{"type":"MD5","value":""}}},{"description":"","label":"SAS Data Definition Statements for Referenda Elections for North Dakota, 1968-1990 (State 36)","restricted":false,"version":1,"datasetVersionId":35908,"dataFile":{"id":2615740,"persistentId":"","pidURL":"","filename":"SAS Data Definition Statements for Referenda Elections for North Dakota, 1968-1990 (State 36)","contentType":"data/various-formats","filesize":0,"description":"","storageIdentifier":"","rootDataFileId":-1,"md5":"","checksum":{"type":"MD5","value":""}}},{"description":"","label":"SAS Data Definition Statements for Referenda Elections for Ohio, 1967-1990 (State 24)","restricted":false,"version":1,"datasetVersionId":35908,"dataFile":{"id":2615733,"persistentId":"","pidURL":"","filename":"SAS Data Definition Statements for Referenda Elections for Ohio, 1967-1990 (State 24)","contentType":"data/various-formats","filesize":0,"description":"","storageIdentifier":"","rootDataFileId":-1,"md5":"","checksum":{"type":"MD5","value":""}}},{"description":"","label":"SAS Data Definition Statements for Referenda Elections for Oklahoma, 1968-1990 (State 53)","restricted":false,"version":1,"datasetVersionId":35908,"dataFile":{"id":2615754,"persistentId":"","pidURL":"","filename":"SAS Data Definition Statements for Referenda Elections for Oklahoma, 1968-1990 (State 53)","contentType":"data/various-formats","filesize":0,"description":"","storageIdentifier":"","rootDataFileId":-1,"md5":"","checksum":{"type":"MD5","value":""}}},{"description":"","label":"SAS Data Definition Statements for Referenda Elections for Oregon, 1968-1990 (State 72)","restricted":false,"version":1,"datasetVersionId":35908,"dataFile":{"id":2615766,"persistentId":"","pidURL":"","filename":"SAS Data Definition Statements for Referenda Elections for Oregon, 1968-1990 (State 72)","contentType":"data/various-formats","filesize":0,"description":"","storageIdentifier":"","rootDataFileId":-1,"md5":"","checksum":{"type":"MD5","value":""}}},{"description":"","label":"SAS Data Definition Statements for Referenda Elections for Pennsylvania, 1967-1990 (State 14)","restricted":false,"version":1,"datasetVersionId":35908,"dataFile":{"id":2615729,"persistentId":"","pidURL":"","filename":"SAS Data Definition Statements for Referenda Elections for Pennsylvania, 1967-1990 (State 14)","contentType":"data/various-formats","filesize":0,"description":"","storageIdentifier":"","rootDataFileId":-1,"md5":"","checksum":{"type":"MD5","value":""}}},{"description":"","label":"SAS Data Definition Statements for Referenda Elections for Rhode Island, 1968-1990 (State 05)","restricted":false,"version":1,"datasetVersionId":35908,"dataFile":{"id":2615724,"persistentId":"","pidURL":"","filename":"SAS Data Definition Statements for Referenda Elections for Rhode Island, 1968-1990 (State 05)","contentType":"data/various-formats","filesize":0,"description":"","storageIdentifier":"","rootDataFileId":-1,"md5":"","checksum":{"type":"MD5","value":""}}},{"description":"","label":"SAS Data Definition Statements for Referenda Elections for South Carolina, 1968-1990 (State 48)","restricted":false,"version":1,"datasetVersionId":35908,"dataFile":{"id":2615749,"persistentId":"","pidURL":"","filename":"SAS Data Definition Statements for Referenda Elections for South Carolina, 1968-1990 (State 48)","contentType":"data/various-formats","filesize":0,"description":"","storageIdentifier":"","rootDataFileId":-1,"md5":"","checksum":{"type":"MD5","value":""}}},{"description":"","label":"SAS Data Definition Statements for Referenda Elections for South Dakota, 1968-1990 (State 37)","restricted":false,"version":1,"datasetVersionId":35908,"dataFile":{"id":2615741,"persistentId":"","pidURL":"","filename":"SAS Data Definition Statements for Referenda Elections for South Dakota, 1968-1990 (State 37)","contentType":"data/various-formats","filesize":0,"description":"","storageIdentifier":"","rootDataFileId":-1,"md5":"","checksum":{"type":"MD5","value":""}}},{"description":"","label":"SAS Data Definition Statements for Referenda Elections for Tennessee, 1968-1982 (State 54)","restricted":false,"version":1,"datasetVersionId":35908,"dataFile":{"id":2615755,"persistentId":"","pidURL":"","filename":"SAS Data Definition Statements for Referenda Elections for Tennessee, 1968-1982 (State 54)","contentType":"data/various-formats","filesize":0,"description":"","storageIdentifier":"","rootDataFileId":-1,"md5":"","checksum":{"type":"MD5","value":""}}},{"description":"","label":"SAS Data Definition Statements for Referenda Elections for Texas, 1968-1990 (State 49)","restricted":false,"version":1,"datasetVersionId":35908,"dataFile":{"id":2615750,"persistentId":"","pidURL":"","filename":"SAS Data Definition Statements for Referenda Elections for Texas, 1968-1990 (State 49)","contentType":"data/various-formats","filesize":0,"description":"","storageIdentifier":"","rootDataFileId":-1,"md5":"","checksum":{"type":"MD5","value":""}}},{"description":"","label":"SAS Data Definition Statements for Referenda Elections for Utah, 1968-1990 (State 67)","restricted":false,"version":1,"datasetVersionId":35908,"dataFile":{"id":2615763,"persistentId":"","pidURL":"","filename":"SAS Data Definition Statements for Referenda Elections for Utah, 1968-1990 (State 67)","contentType":"data/various-formats","filesize":0,"description":"","storageIdentifier":"","rootDataFileId":-1,"md5":"","checksum":{"type":"MD5","value":""}}},{"description":"","label":"SAS Data Definition Statements for Referenda Elections for Vermont, 1976-1986 (State 06)","restricted":false,"version":1,"datasetVersionId":35908,"dataFile":{"id":2615725,"persistentId":"","pidURL":"","filename":"SAS Data Definition Statements for Referenda Elections for Vermont, 1976-1986 (State 06)","contentType":"data/various-formats","filesize":0,"description":"","storageIdentifier":"","rootDataFileId":-1,"md5":"","checksum":{"type":"MD5","value":""}}},{"description":"","label":"SAS Data Definition Statements for Referenda Elections for Virginia, 1968-1990 (State 40)","restricted":false,"version":1,"datasetVersionId":35908,"dataFile":{"id":2615751,"persistentId":"","pidURL":"","filename":"SAS Data Definition Statements for Referenda Elections for Virginia, 1968-1990 (State 40)","contentType":"data/various-formats","filesize":0,"description":"","storageIdentifier":"","rootDataFileId":-1,"md5":"","checksum":{"type":"MD5","value":""}}},{"description":"","label":"SAS Data Definition Statements for Referenda Elections for Washington, 1968-1990 (State 73)","restricted":false,"version":1,"datasetVersionId":35908,"dataFile":{"id":2615767,"persistentId":"","pidURL":"","filename":"SAS Data Definition Statements for Referenda Elections for Washington, 1968-1990 (State 73)","contentType":"data/various-formats","filesize":0,"description":"","storageIdentifier":"","rootDataFileId":-1,"md5":"","checksum":{"type":"MD5","value":""}}},{"description":"","label":"SAS Data Definition Statements for Referenda Elections for West Virginia, 1968-1990 (State 56)","restricted":false,"version":1,"datasetVersionId":35908,"dataFile":{"id":2615756,"persistentId":"","pidURL":"","filename":"SAS Data Definition Statements for Referenda Elections for West Virginia, 1968-1990 (State 56)","contentType":"data/various-formats","filesize":0,"description":"","storageIdentifier":"","rootDataFileId":-1,"md5":"","checksum":{"type":"MD5","value":""}}},{"description":"","label":"SAS Data Definition Statements for Referenda Elections for Wisconsin, 1967-1990 (State 25)","restricted":false,"version":1,"datasetVersionId":35908,"dataFile":{"id":2615734,"persistentId":"","pidURL":"","filename":"SAS Data Definition Statements for Referenda Elections for Wisconsin, 1967-1990 (State 25)","contentType":"data/various-formats","filesize":0,"description":"","storageIdentifier":"","rootDataFileId":-1,"md5":"","checksum":{"type":"MD5","value":""}}},{"description":"","label":"SAS Data Definition Statements for Referenda Elections for Wyoming, 1968-1990 (State 68)","restricted":false,"version":1,"datasetVersionId":35908,"dataFile":{"id":2615764,"persistentId":"","pidURL":"","filename":"SAS Data Definition Statements for Referenda Elections for Wyoming, 1968-1990 (State 68)","contentType":"data/various-formats","filesize":0,"description":"","storageIdentifier":"","rootDataFileId":-1,"md5":"","checksum":{"type":"MD5","value":""}}}]}}}