{"status":"OK","data":{"id":41673,"identifier":"ICPSR00017.v1","persistentUrl":"https://doi.org/10.3886/ICPSR00017.v1","protocol":"doi","authority":"10.3886","publisher":"Harvard Dataverse","publicationDate":"2015-04-08","storageIdentifier":"file://10.3886/ICPSR00017.v1","latestVersion":{"id":37673,"storageIdentifier":"file://10.3886/ICPSR00017.v1","versionState":"RELEASED","distributionDate":"1984-05-03","productionDate":"Production Date","lastUpdateTime":"2015-04-09T03:48:02Z","releaseTime":"2015-04-09T03:48:02Z","createTime":"2015-04-09T03:48:02Z","license":"NONE","specialPermissions":"Additional special permissions, where applicable, are described in the restrictions field.","conditions":"<p>AVAILABLE.  This study is freely available to ICPSR member institutions.</p>","disclaimer":"The original collector of the data, ICPSR, \t\tand the relevant funding agency bear no responsibility \t\tfor use of the data or for interpretations or inferences \t\tbased upon such uses.","metadataBlocks":{"citation":{"displayName":"Citation Metadata","fields":[{"typeName":"title","multiple":false,"typeClass":"primitive","value":"Census of Governments, 1962 and 1967"},{"typeName":"author","multiple":true,"typeClass":"compound","value":[{"authorName":{"typeName":"authorName","multiple":false,"typeClass":"primitive","value":"United States Department of Commerce. Bureau of the Census"},"authorAffiliation":{"typeName":"authorAffiliation","multiple":false,"typeClass":"primitive","value":"United States Department of Commerce. Bureau of the Census"}}]},{"typeName":"datasetContact","multiple":true,"typeClass":"compound","value":[{"datasetContactEmail":{"typeName":"datasetContactEmail","multiple":false,"typeClass":"primitive","value":"N/A"}}]},{"typeName":"dsDescription","multiple":true,"typeClass":"compound","value":[{"dsDescriptionValue":{"typeName":"dsDescriptionValue","multiple":false,"typeClass":"primitive","value":"This study contains economic and employment data at the   county level for states and local governments in the United States   in 1962 and 1967. Data are provided on total population, land area,   general revenues, number of municipalities and local governments of   all types, number of public school districts, and number of employees   of local governments. Information is also provided on educational   payrolls of local governments, average earnings of full-time teachers,   water supply revenues and expenditures of local governments, local   government general expenditures on public welfare, highways, health   and hospitals, police and fire protection, natural resources, and   urban renewal, long-term general debt outstanding of local schools   and local governments, and per capita intergovernmental revenues and expenditures."}}]},{"typeName":"keyword","multiple":true,"typeClass":"compound","value":[{"keywordValue":{"typeName":"keywordValue","multiple":false,"typeClass":"primitive","value":"census data"},"keywordVocabulary":{"typeName":"keywordVocabulary","multiple":false,"typeClass":"primitive","value":"thesaurus"}},{"keywordValue":{"typeName":"keywordValue","multiple":false,"typeClass":"primitive","value":"counties"},"keywordVocabulary":{"typeName":"keywordVocabulary","multiple":false,"typeClass":"primitive","value":"thesaurus"}},{"keywordValue":{"typeName":"keywordValue","multiple":false,"typeClass":"primitive","value":"debt"},"keywordVocabulary":{"typeName":"keywordVocabulary","multiple":false,"typeClass":"primitive","value":"thesaurus"}},{"keywordValue":{"typeName":"keywordValue","multiple":false,"typeClass":"primitive","value":"economic conditions"},"keywordVocabulary":{"typeName":"keywordVocabulary","multiple":false,"typeClass":"primitive","value":"thesaurus"}},{"keywordValue":{"typeName":"keywordValue","multiple":false,"typeClass":"primitive","value":"employee benefits"},"keywordVocabulary":{"typeName":"keywordVocabulary","multiple":false,"typeClass":"primitive","value":"thesaurus"}},{"keywordValue":{"typeName":"keywordValue","multiple":false,"typeClass":"primitive","value":"employment"},"keywordVocabulary":{"typeName":"keywordVocabulary","multiple":false,"typeClass":"primitive","value":"thesaurus"}},{"keywordValue":{"typeName":"keywordValue","multiple":false,"typeClass":"primitive","value":"government employees"},"keywordVocabulary":{"typeName":"keywordVocabulary","multiple":false,"typeClass":"primitive","value":"thesaurus"}},{"keywordValue":{"typeName":"keywordValue","multiple":false,"typeClass":"primitive","value":"government expenditures"},"keywordVocabulary":{"typeName":"keywordVocabulary","multiple":false,"typeClass":"primitive","value":"thesaurus"}},{"keywordValue":{"typeName":"keywordValue","multiple":false,"typeClass":"primitive","value":"government revenues"},"keywordVocabulary":{"typeName":"keywordVocabulary","multiple":false,"typeClass":"primitive","value":"thesaurus"}},{"keywordValue":{"typeName":"keywordValue","multiple":false,"typeClass":"primitive","value":"local government"},"keywordVocabulary":{"typeName":"keywordVocabulary","multiple":false,"typeClass":"primitive","value":"thesaurus"}},{"keywordValue":{"typeName":"keywordValue","multiple":false,"typeClass":"primitive","value":"municipal services"},"keywordVocabulary":{"typeName":"keywordVocabulary","multiple":false,"typeClass":"primitive","value":"thesaurus"}},{"keywordValue":{"typeName":"keywordValue","multiple":false,"typeClass":"primitive","value":"municipalities"},"keywordVocabulary":{"typeName":"keywordVocabulary","multiple":false,"typeClass":"primitive","value":"thesaurus"}},{"keywordValue":{"typeName":"keywordValue","multiple":false,"typeClass":"primitive","value":"school districts"},"keywordVocabulary":{"typeName":"keywordVocabulary","multiple":false,"typeClass":"primitive","value":"thesaurus"}},{"keywordValue":{"typeName":"keywordValue","multiple":false,"typeClass":"primitive","value":"state government"},"keywordVocabulary":{"typeName":"keywordVocabulary","multiple":false,"typeClass":"primitive","value":"thesaurus"}},{"keywordValue":{"typeName":"keywordValue","multiple":false,"typeClass":"primitive","value":"townships"},"keywordVocabulary":{"typeName":"keywordVocabulary","multiple":false,"typeClass":"primitive","value":"thesaurus"}}]},{"typeName":"topicClassification","multiple":true,"typeClass":"compound","value":[{"topicClassValue":{"typeName":"topicClassValue","multiple":false,"typeClass":"primitive","value":"ICPSR VIII.C. Governmental Structures, Policies, and Capabilities, Statistics on Government Operations"},"topicClassVocab":{"typeName":"topicClassVocab","multiple":false,"typeClass":"primitive","value":"ICPSR subject classifications"}}]},{"typeName":"notesText","multiple":false,"typeClass":"primitive","value":"Version Date: 2005-12-22Version Text: 2005-12-22Version Date: 2005-12-22Version Text: 2005-12-22 Subject: null  Type: null  Notes: All files were removed from dataset 3 and flagged as study-level files, so that they will accompany all downloads.;Version Date: 2005-12-22Version Text: 2005-12-22 Subject: null  Type: null  Notes: All files were removed from dataset 3 and flagged as study-level files, so that they will accompany all downloads.; Subject: null  Type: null  Notes: LRECL and Card Image;Subject: Study Level Error Note, Notes: The data map is provided as an ASCII text file, and the  codebook is provided by ICPSR as a Portable Document Format (PDF) file.  The PDF file format was developed by Adobe Systems Incorporated and can  be accessed using PDF reader software, such as the Adobe Acrobat Reader.  Information on how to obtain a copy of the Acrobat Reader is provided on the ICPSR Web site.; Subject: null  Type: null  Notes: Data file(s), and electronic documentation.;"},{"typeName":"grantNumber","multiple":true,"typeClass":"compound","value":[{"grantNumberValue":{"typeName":"grantNumberValue","multiple":false,"typeClass":"primitive","value":"APR75-01320"}}]},{"typeName":"distributor","multiple":true,"typeClass":"compound","value":[{"distributorName":{"typeName":"distributorName","multiple":false,"typeClass":"primitive","value":"Inter-university Consortium for Political and Social Research"},"distributorAffiliation":{"typeName":"distributorAffiliation","multiple":false,"typeClass":"primitive","value":"Institute for Social Research, University of Michigan"},"distributorAbbreviation":{"typeName":"distributorAbbreviation","multiple":false,"typeClass":"primitive","value":"ICPSR"},"distributorURL":{"typeName":"distributorURL","multiple":false,"typeClass":"primitive","value":"http://www.icpsr.umich.edu/"},"distributorLogoURL":{"typeName":"distributorLogoURL","multiple":false,"typeClass":"primitive","value":"http://www.icpsr.umich.edu/images/icpsr-logo.gif"}}]},{"typeName":"distributionDate","multiple":false,"typeClass":"primitive","value":"1984-05-03"},{"typeName":"timePeriodCovered","multiple":true,"typeClass":"compound","value":[{"timePeriodCoveredStart":{"typeName":"timePeriodCoveredStart","multiple":false,"typeClass":"primitive","value":"1967"}}]},{"typeName":"kindOfData","multiple":true,"typeClass":"primitive","value":["census/enumeration data"]},{"typeName":"series","multiple":false,"typeClass":"compound","value":{"seriesName":{"typeName":"seriesName","multiple":false,"typeClass":"primitive","value":"Census of Governments Series"}}},{"typeName":"dataSources","multiple":true,"typeClass":"primitive","value":["United States Department of Commerce. Bureau of the Census.  1962 CENSUS OF GOVERNMENTS. Washington, DC: United States Government   Printing Office, 1964, and (2) United States Department of Commerce.   Bureau of the Census. 1967 CENSUS OF GOVERNMENTS. Washington, DC: United  States Government Printing Office, 1968-1970."]}]},"geospatial":{"displayName":"Geospatial Metadata","fields":[{"typeName":"geographicCoverage","multiple":true,"typeClass":"compound","value":[{"otherGeographicCoverage":{"typeName":"otherGeographicCoverage","multiple":false,"typeClass":"primitive","value":"Please see geographic coverage."}},{"otherGeographicCoverage":{"typeName":"otherGeographicCoverage","multiple":false,"typeClass":"primitive","value":"United States"}}]}]},"socialscience":{"displayName":"Social Science and Humanities Metadata","fields":[{"typeName":"universe","multiple":true,"typeClass":"primitive","value":["States and local governments in the United States in 1962 and 1967."]}]}},"files":[{"description":"","label":"1962","restricted":false,"version":1,"datasetVersionId":37673,"dataFile":{"id":2628865,"persistentId":"","pidURL":"","filename":"1962","contentType":"data/various-formats","filesize":0,"description":"","storageIdentifier":"","rootDataFileId":-1,"md5":"","checksum":{"type":"MD5","value":""}}},{"description":"","label":"1967","restricted":false,"version":1,"datasetVersionId":37673,"dataFile":{"id":2628866,"persistentId":"","pidURL":"","filename":"1967","contentType":"data/various-formats","filesize":0,"description":"","storageIdentifier":"","rootDataFileId":-1,"md5":"","checksum":{"type":"MD5","value":""}}},{"description":"","label":"Variable Listing for All Parts","restricted":false,"version":1,"datasetVersionId":37673,"dataFile":{"id":2628867,"persistentId":"","pidURL":"","filename":"Variable Listing for All Parts","contentType":"data/various-formats","filesize":0,"description":"","storageIdentifier":"","rootDataFileId":-1,"md5":"","checksum":{"type":"MD5","value":""}}}]}}}