{"status":"OK","data":{"id":39547,"identifier":"ICPSR00008.v1","persistentUrl":"https://doi.org/10.3886/ICPSR00008.v1","protocol":"doi","authority":"10.3886","publisher":"Harvard Dataverse","publicationDate":"2015-04-08","storageIdentifier":"file://10.3886/ICPSR00008.v1","latestVersion":{"id":35547,"storageIdentifier":"file://10.3886/ICPSR00008.v1","versionState":"RELEASED","distributionDate":"1984-03-18","productionDate":"Production Date","lastUpdateTime":"2015-04-09T03:24:40Z","releaseTime":"2015-04-09T03:24:40Z","createTime":"2015-04-09T03:24:40Z","license":"NONE","specialPermissions":"Additional special permissions, where applicable, are described in the restrictions field.","conditions":"<p>AVAILABLE.  This study is freely available to ICPSR member institutions.</p>","disclaimer":"The original collector of the data, ICPSR, \t\tand the relevant funding agency bear no responsibility \t\tfor use of the data or for interpretations or inferences \t\tbased upon such uses.","metadataBlocks":{"citation":{"displayName":"Citation Metadata","fields":[{"typeName":"title","multiple":false,"typeClass":"primitive","value":"Censuses of Religious Bodies, 1906-1936"},{"typeName":"author","multiple":true,"typeClass":"compound","value":[{"authorName":{"typeName":"authorName","multiple":false,"typeClass":"primitive","value":"United States Department of Commerce. Bureau of the Census"},"authorAffiliation":{"typeName":"authorAffiliation","multiple":false,"typeClass":"primitive","value":"United States Department of Commerce. Bureau of the Census"}}]},{"typeName":"datasetContact","multiple":true,"typeClass":"compound","value":[{"datasetContactEmail":{"typeName":"datasetContactEmail","multiple":false,"typeClass":"primitive","value":"N/A"}}]},{"typeName":"dsDescription","multiple":true,"typeClass":"compound","value":[{"dsDescriptionValue":{"typeName":"dsDescriptionValue","multiple":false,"typeClass":"primitive","value":"This data collection provides county- and state-level information   on the number of members of a variety of religious organizations and groups   in the United States between 1906 and 1936.  The variables in this collection   provide the names of these groups and organizations, which include the Advent   Christian Church, Southern and National Convention Baptist churches,   Buddhist (Japanese) temples, Evangelical Association, Jewish congregations,   Greek Orthodox Church, Mennonite Church, Friends Church, Pentecostal Chur\nch   of the Nazarene, Polish National Church, Roman Catholic Church, Salvation   Army, Seventh Day Adventist, Church of Jesus Christ of Latter-Day Saints,   Russian Eastern Orthodox Church, Mennonite General Conference, Hungarian   Reformed Church, Unitarian Church, Negro Baptist Church, and Evangelical  Church."}}]},{"typeName":"keyword","multiple":true,"typeClass":"compound","value":[{"keywordValue":{"typeName":"keywordValue","multiple":false,"typeClass":"primitive","value":"census data"},"keywordVocabulary":{"typeName":"keywordVocabulary","multiple":false,"typeClass":"primitive","value":"thesaurus"}},{"keywordValue":{"typeName":"keywordValue","multiple":false,"typeClass":"primitive","value":"church membership"},"keywordVocabulary":{"typeName":"keywordVocabulary","multiple":false,"typeClass":"primitive","value":"thesaurus"}},{"keywordValue":{"typeName":"keywordValue","multiple":false,"typeClass":"primitive","value":"counties"},"keywordVocabulary":{"typeName":"keywordVocabulary","multiple":false,"typeClass":"primitive","value":"thesaurus"}},{"keywordValue":{"typeName":"keywordValue","multiple":false,"typeClass":"primitive","value":"religion"},"keywordVocabulary":{"typeName":"keywordVocabulary","multiple":false,"typeClass":"primitive","value":"thesaurus"}},{"keywordValue":{"typeName":"keywordValue","multiple":false,"typeClass":"primitive","value":"religious denominations"},"keywordVocabulary":{"typeName":"keywordVocabulary","multiple":false,"typeClass":"primitive","value":"thesaurus"}},{"keywordValue":{"typeName":"keywordValue","multiple":false,"typeClass":"primitive","value":"religious organizations"},"keywordVocabulary":{"typeName":"keywordVocabulary","multiple":false,"typeClass":"primitive","value":"thesaurus"}},{"keywordValue":{"typeName":"keywordValue","multiple":false,"typeClass":"primitive","value":"states(USA)"},"keywordVocabulary":{"typeName":"keywordVocabulary","multiple":false,"typeClass":"primitive","value":"thesaurus"}}]},{"typeName":"topicClassification","multiple":true,"typeClass":"compound","value":[{"topicClassValue":{"typeName":"topicClassValue","multiple":false,"typeClass":"primitive","value":"ICPSR XVII.B. Social Institutions and Behavior, Religion"},"topicClassVocab":{"typeName":"topicClassVocab","multiple":false,"typeClass":"primitive","value":"ICPSR subject classifications"}}]},{"typeName":"notesText","multiple":false,"typeClass":"primitive","value":"Version Date: 1992-02-16Version Text: 1992-02-16 Subject: null  Type: null  Notes: LRECL with SAS and SPSS data definition statements;Subject: Study Level Error Note, Notes: The data map is provided as an ASCII text file, and the  codebook is provided by ICPSR as a Portable Document Format (PDF) file. The  PDF file format was developed by Adobe Systems Incorporated and can be  accessed using PDF reader software, such as the Adobe Acrobat Reader.  Information on how to obtain a copy of the Acrobat Reader is provided on the ICPSR Web site.; Subject: null  Type: null  Notes: Data file(s), and electronic documentation.;"},{"typeName":"distributor","multiple":true,"typeClass":"compound","value":[{"distributorName":{"typeName":"distributorName","multiple":false,"typeClass":"primitive","value":"Inter-university Consortium for Political and Social Research"},"distributorAffiliation":{"typeName":"distributorAffiliation","multiple":false,"typeClass":"primitive","value":"Institute for Social Research, University of Michigan"},"distributorAbbreviation":{"typeName":"distributorAbbreviation","multiple":false,"typeClass":"primitive","value":"ICPSR"},"distributorURL":{"typeName":"distributorURL","multiple":false,"typeClass":"primitive","value":"http://www.icpsr.umich.edu/"},"distributorLogoURL":{"typeName":"distributorLogoURL","multiple":false,"typeClass":"primitive","value":"http://www.icpsr.umich.edu/images/icpsr-logo.gif"}}]},{"typeName":"distributionDate","multiple":false,"typeClass":"primitive","value":"1984-03-18"},{"typeName":"timePeriodCovered","multiple":true,"typeClass":"compound","value":[{"timePeriodCoveredStart":{"typeName":"timePeriodCoveredStart","multiple":false,"typeClass":"primitive","value":"1906"},"timePeriodCoveredEnd":{"typeName":"timePeriodCoveredEnd","multiple":false,"typeClass":"primitive","value":"1936"}}]},{"typeName":"kindOfData","multiple":true,"typeClass":"primitive","value":["census data"]},{"typeName":"dataSources","multiple":true,"typeClass":"primitive","value":["United States Department of Commerce. Bureau of the Census. CENSUS OF RELIGIOUS BODIES, 1906, 1916, 1926, and 1936"]}]},"geospatial":{"displayName":"Geospatial Metadata","fields":[{"typeName":"geographicCoverage","multiple":true,"typeClass":"compound","value":[{"otherGeographicCoverage":{"typeName":"otherGeographicCoverage","multiple":false,"typeClass":"primitive","value":"Please see geographic coverage."}},{"otherGeographicCoverage":{"typeName":"otherGeographicCoverage","multiple":false,"typeClass":"primitive","value":"United States"}}]}]},"socialscience":{"displayName":"Social Science and Humanities Metadata","fields":[{"typeName":"universe","multiple":true,"typeClass":"primitive","value":["Religious bodies in the United States in 1906, 1916, 1926, and  1936."]},{"typeName":"cleaningOperations","multiple":false,"typeClass":"primitive","value":"Checked for undocumented or out-of-range codes."}]}},"files":[{"description":"","label":"Censuses of Religious Bodies, 1906-1936 ","restricted":false,"version":1,"datasetVersionId":35547,"dataFile":{"id":2613178,"persistentId":"","pidURL":"","filename":"Censuses of Religious Bodies, 1906-1936 ","contentType":"data/various-formats","filesize":0,"description":"","storageIdentifier":"","rootDataFileId":-1,"md5":"","checksum":{"type":"MD5","value":""}}}]}}}