{"status":"OK","data":{"id":42233,"identifier":"ICPSR00014.v1","persistentUrl":"https://doi.org/10.3886/ICPSR00014.v1","protocol":"doi","authority":"10.3886","publisher":"Harvard Dataverse","publicationDate":"2015-04-08","storageIdentifier":"file://10.3886/ICPSR00014.v1","latestVersion":{"id":38233,"storageIdentifier":"file://10.3886/ICPSR00014.v1","versionState":"RELEASED","distributionDate":"1984-03-18","productionDate":"Production Date","lastUpdateTime":"2015-04-09T03:54:13Z","releaseTime":"2015-04-09T03:54:13Z","createTime":"2015-04-09T03:54:13Z","license":"NONE","specialPermissions":"Additional special permissions, where applicable, are described in the restrictions field.","conditions":"<p>AVAILABLE.  This study is freely available to ICPSR member institutions.</p>","disclaimer":"The original collector of the data, ICPSR, \t\tand the relevant funding agency bear no responsibility \t\tfor use of the data or for interpretations or inferences \t\tbased upon such uses.","metadataBlocks":{"citation":{"displayName":"Citation Metadata","fields":[{"typeName":"title","multiple":false,"typeClass":"primitive","value":"Survey of Churches and Church Membership by County, 1952"},{"typeName":"author","multiple":true,"typeClass":"compound","value":[{"authorName":{"typeName":"authorName","multiple":false,"typeClass":"primitive","value":"National Council of Churches of Christ in the U.S.A."},"authorAffiliation":{"typeName":"authorAffiliation","multiple":false,"typeClass":"primitive","value":"National Council of Churches of Christ in the U.S.A."}}]},{"typeName":"datasetContact","multiple":true,"typeClass":"compound","value":[{"datasetContactEmail":{"typeName":"datasetContactEmail","multiple":false,"typeClass":"primitive","value":"N/A"}}]},{"typeName":"dsDescription","multiple":true,"typeClass":"compound","value":[{"dsDescriptionValue":{"typeName":"dsDescriptionValue","multiple":false,"typeClass":"primitive","value":"This data collection contains information about church   and religious organization membership by county in the United   States for the year 1952. Information is provided on the number   and percentage of members in churches such as the Congregational   Christian, Methodist, Protestant Episcopalian, Roman Catholic, and   Jewish congregations, as well as the percentage of the total   population who are church members and those belonging to other   faiths. Demographic variables provide information on median age,  income, and education."}}]},{"typeName":"keyword","multiple":true,"typeClass":"compound","value":[{"keywordValue":{"typeName":"keywordValue","multiple":false,"typeClass":"primitive","value":"church membership"},"keywordVocabulary":{"typeName":"keywordVocabulary","multiple":false,"typeClass":"primitive","value":"thesaurus"}},{"keywordValue":{"typeName":"keywordValue","multiple":false,"typeClass":"primitive","value":"counties"},"keywordVocabulary":{"typeName":"keywordVocabulary","multiple":false,"typeClass":"primitive","value":"thesaurus"}},{"keywordValue":{"typeName":"keywordValue","multiple":false,"typeClass":"primitive","value":"religion"},"keywordVocabulary":{"typeName":"keywordVocabulary","multiple":false,"typeClass":"primitive","value":"thesaurus"}},{"keywordValue":{"typeName":"keywordValue","multiple":false,"typeClass":"primitive","value":"religious congregations"},"keywordVocabulary":{"typeName":"keywordVocabulary","multiple":false,"typeClass":"primitive","value":"thesaurus"}},{"keywordValue":{"typeName":"keywordValue","multiple":false,"typeClass":"primitive","value":"religious denominations"},"keywordVocabulary":{"typeName":"keywordVocabulary","multiple":false,"typeClass":"primitive","value":"thesaurus"}},{"keywordValue":{"typeName":"keywordValue","multiple":false,"typeClass":"primitive","value":"religious organizations"},"keywordVocabulary":{"typeName":"keywordVocabulary","multiple":false,"typeClass":"primitive","value":"thesaurus"}}]},{"typeName":"topicClassification","multiple":true,"typeClass":"compound","value":[{"topicClassValue":{"typeName":"topicClassValue","multiple":false,"typeClass":"primitive","value":"ICPSR XVII.B. Social Institutions and Behavior, Religion"},"topicClassVocab":{"typeName":"topicClassVocab","multiple":false,"typeClass":"primitive","value":"ICPSR subject classifications"}}]},{"typeName":"notesText","multiple":false,"typeClass":"primitive","value":"Version Date: 1992-02-16Version Text: 1992-02-16 Subject: null  Type: null  Notes: LRECL with SAS and SPSS data definition statements; Subject: null  Type: null  Notes: Data file(s), and electronic documentation.;"},{"typeName":"distributor","multiple":true,"typeClass":"compound","value":[{"distributorName":{"typeName":"distributorName","multiple":false,"typeClass":"primitive","value":"Inter-university Consortium for Political and Social Research"},"distributorAffiliation":{"typeName":"distributorAffiliation","multiple":false,"typeClass":"primitive","value":"Institute for Social Research, University of Michigan"},"distributorAbbreviation":{"typeName":"distributorAbbreviation","multiple":false,"typeClass":"primitive","value":"ICPSR"},"distributorURL":{"typeName":"distributorURL","multiple":false,"typeClass":"primitive","value":"http://www.icpsr.umich.edu/"},"distributorLogoURL":{"typeName":"distributorLogoURL","multiple":false,"typeClass":"primitive","value":"http://www.icpsr.umich.edu/images/icpsr-logo.gif"}}]},{"typeName":"distributionDate","multiple":false,"typeClass":"primitive","value":"1984-03-18"},{"typeName":"timePeriodCovered","multiple":true,"typeClass":"compound","value":[{"timePeriodCoveredStart":{"typeName":"timePeriodCoveredStart","multiple":false,"typeClass":"primitive","value":"1952"}}]},{"typeName":"kindOfData","multiple":true,"typeClass":"primitive","value":["administrative records data, and census data"]},{"typeName":"dataSources","multiple":true,"typeClass":"primitive","value":["United States Department of Commerce. Bureau of  the Census, and church records"]}]},"geospatial":{"displayName":"Geospatial Metadata","fields":[{"typeName":"geographicCoverage","multiple":true,"typeClass":"compound","value":[{"otherGeographicCoverage":{"typeName":"otherGeographicCoverage","multiple":false,"typeClass":"primitive","value":"Please see geographic coverage."}},{"otherGeographicCoverage":{"typeName":"otherGeographicCoverage","multiple":false,"typeClass":"primitive","value":"United States"}}]}]},"socialscience":{"displayName":"Social Science and Humanities Metadata","fields":[{"typeName":"universe","multiple":true,"typeClass":"primitive","value":["All counties in the United States in the year 1952."]},{"typeName":"cleaningOperations","multiple":false,"typeClass":"primitive","value":"Checked for undocumented or out-of-range codes."}]}},"files":[{"description":"","label":"Survey of Churches and Church Membership by County, 1952","restricted":false,"version":1,"datasetVersionId":38233,"dataFile":{"id":2636302,"persistentId":"","pidURL":"","filename":"Survey of Churches and Church Membership by County, 1952","contentType":"data/various-formats","filesize":0,"description":"","storageIdentifier":"","rootDataFileId":-1,"md5":"","checksum":{"type":"MD5","value":""}}}]}}}