{"status":"OK","data":{"id":45484,"identifier":"ICPSR00025.v1","persistentUrl":"https://doi.org/10.3886/ICPSR00025.v1","protocol":"doi","authority":"10.3886","publisher":"Harvard Dataverse","publicationDate":"2015-04-09","storageIdentifier":"file://10.3886/ICPSR00025.v1","latestVersion":{"id":41484,"storageIdentifier":"file://10.3886/ICPSR00025.v1","versionState":"RELEASED","distributionDate":"1984-03-18","productionDate":"Production Date","lastUpdateTime":"2015-04-09T04:29:46Z","releaseTime":"2015-04-09T04:29:46Z","createTime":"2015-04-09T04:29:46Z","license":"NONE","specialPermissions":"Additional special permissions, where applicable, are described in the restrictions field.","conditions":"<p>AVAILABLE.  This study is freely available to ICPSR member institutions.</p>","disclaimer":"The original collector of the data, ICPSR, \t\tand the relevant funding agency bear no responsibility \t\tfor use of the data or for interpretations or inferences \t\tbased upon such uses.","metadataBlocks":{"citation":{"displayName":"Citation Metadata","fields":[{"typeName":"title","multiple":false,"typeClass":"primitive","value":"Comparative Study of Community Decision-Making"},{"typeName":"author","multiple":true,"typeClass":"compound","value":[{"authorName":{"typeName":"authorName","multiple":false,"typeClass":"primitive","value":"Clark, Terry N."},"authorAffiliation":{"typeName":"authorAffiliation","multiple":false,"typeClass":"primitive","value":"Unknown"}}]},{"typeName":"datasetContact","multiple":true,"typeClass":"compound","value":[{"datasetContactEmail":{"typeName":"datasetContactEmail","multiple":false,"typeClass":"primitive","value":"N/A"}}]},{"typeName":"dsDescription","multiple":true,"typeClass":"compound","value":[{"dsDescriptionValue":{"typeName":"dsDescriptionValue","multiple":false,"typeClass":"primitive","value":"This study contains data for 51 communities with populations of 50,000-750,000 in 22 states of the United States on the characteristics of community leadership, decision-making, and patterns of influence, as well as political, economic, and demographic composition of the communities and per capita expenditures for various common community functions. Information regarding general political and public policy issues, specific municipal problems, and their solutions was obtained from interviews with eight prominent individuals in each city, such as the Chamber of Commerce president, a labor leader, a leading newspaper editor or publisher, the chairmen of the Democratic and Republican parties, the president of the largest bank, and the mayor. Data are also provided on the characteristics of the cities, including composite indexes created from the interview data as well as data from other sources. The study is composed of three files: a Merged Aggregate and Individual file (Part 1), an Aggregate file (Part 2), and an Individual file (Part 3). The Merged Aggregate and Individual file (Part 1) contains the responses of the individuals interviewed and information on the characteristics of each respondent's city from other sources. Items include education, health, culture, welfare, and total expenditures of the city. The Aggregate file (Part 2) contains information on the population characteristics of each city, as well as information on the structure, income, and expenditures of the city government. Demographic indices describe age and income distribution of the population, racial composition, level of educational attainment, and the size, income and occupational distribution of the labor force. The Individual file (Part 3) provides information received from respondents on decision-making pertaining to issues of urban renewal, mayoral elections, air pollution control, race relations, health, education, industrial and economic development, and anti-poverty programs."}}]},{"typeName":"keyword","multiple":true,"typeClass":"compound","value":[{"keywordValue":{"typeName":"keywordValue","multiple":false,"typeClass":"primitive","value":"cities"},"keywordVocabulary":{"typeName":"keywordVocabulary","multiple":false,"typeClass":"primitive","value":"thesaurus"}},{"keywordValue":{"typeName":"keywordValue","multiple":false,"typeClass":"primitive","value":"communities"},"keywordVocabulary":{"typeName":"keywordVocabulary","multiple":false,"typeClass":"primitive","value":"thesaurus"}},{"keywordValue":{"typeName":"keywordValue","multiple":false,"typeClass":"primitive","value":"community decision making"},"keywordVocabulary":{"typeName":"keywordVocabulary","multiple":false,"typeClass":"primitive","value":"thesaurus"}},{"keywordValue":{"typeName":"keywordValue","multiple":false,"typeClass":"primitive","value":"community elites"},"keywordVocabulary":{"typeName":"keywordVocabulary","multiple":false,"typeClass":"primitive","value":"thesaurus"}},{"keywordValue":{"typeName":"keywordValue","multiple":false,"typeClass":"primitive","value":"community leaders"},"keywordVocabulary":{"typeName":"keywordVocabulary","multiple":false,"typeClass":"primitive","value":"thesaurus"}},{"keywordValue":{"typeName":"keywordValue","multiple":false,"typeClass":"primitive","value":"community participation"},"keywordVocabulary":{"typeName":"keywordVocabulary","multiple":false,"typeClass":"primitive","value":"thesaurus"}},{"keywordValue":{"typeName":"keywordValue","multiple":false,"typeClass":"primitive","value":"leadership"},"keywordVocabulary":{"typeName":"keywordVocabulary","multiple":false,"typeClass":"primitive","value":"thesaurus"}},{"keywordValue":{"typeName":"keywordValue","multiple":false,"typeClass":"primitive","value":"local politics"},"keywordVocabulary":{"typeName":"keywordVocabulary","multiple":false,"typeClass":"primitive","value":"thesaurus"}},{"keywordValue":{"typeName":"keywordValue","multiple":false,"typeClass":"primitive","value":"municipalities"},"keywordVocabulary":{"typeName":"keywordVocabulary","multiple":false,"typeClass":"primitive","value":"thesaurus"}},{"keywordValue":{"typeName":"keywordValue","multiple":false,"typeClass":"primitive","value":"political influence"},"keywordVocabulary":{"typeName":"keywordVocabulary","multiple":false,"typeClass":"primitive","value":"thesaurus"}},{"keywordValue":{"typeName":"keywordValue","multiple":false,"typeClass":"primitive","value":"public policy"},"keywordVocabulary":{"typeName":"keywordVocabulary","multiple":false,"typeClass":"primitive","value":"thesaurus"}}]},{"typeName":"topicClassification","multiple":true,"typeClass":"compound","value":[{"topicClassValue":{"typeName":"topicClassValue","multiple":false,"typeClass":"primitive","value":"ICPSR II.A.1. Community and Urban Studies, Studies of Local Politics, United States"},"topicClassVocab":{"typeName":"topicClassVocab","multiple":false,"typeClass":"primitive","value":"ICPSR subject classifications"}},{"topicClassValue":{"typeName":"topicClassValue","multiple":false,"typeClass":"primitive","value":"RCMD IX. Minority Populations"},"topicClassVocab":{"typeName":"topicClassVocab","multiple":false,"typeClass":"primitive","value":"RCMD subject classifications"}}]},{"typeName":"notesText","multiple":false,"typeClass":"primitive","value":"Version Date: 2008-03-25Version Text: 2008-03-25Version Date: 2006-01-12Version Text: 2006-01-12 Subject: null  Type: null  Notes: All files were removed from dataset 4 and flagged as study-level files, so that they will accompany all downloads.; Subject: null  Type: null  Notes: LRECL with SAS and SPSS setup files;Subject: Study Level Error Note, Notes: The data map is provided as an ASCII text file, and the codebook is provided by ICPSR as a Portable Document Format (PDF) file.; Subject: null  Type: null  Notes: Data file(s), and electronic documentation.;"},{"typeName":"distributor","multiple":true,"typeClass":"compound","value":[{"distributorName":{"typeName":"distributorName","multiple":false,"typeClass":"primitive","value":"Inter-university Consortium for Political and Social Research"},"distributorAffiliation":{"typeName":"distributorAffiliation","multiple":false,"typeClass":"primitive","value":"Institute for Social Research, University of Michigan"},"distributorAbbreviation":{"typeName":"distributorAbbreviation","multiple":false,"typeClass":"primitive","value":"ICPSR"},"distributorURL":{"typeName":"distributorURL","multiple":false,"typeClass":"primitive","value":"http://www.icpsr.umich.edu/"},"distributorLogoURL":{"typeName":"distributorLogoURL","multiple":false,"typeClass":"primitive","value":"http://www.icpsr.umich.edu/images/icpsr-logo.gif"}}]},{"typeName":"distributionDate","multiple":false,"typeClass":"primitive","value":"1984-03-18"},{"typeName":"kindOfData","multiple":true,"typeClass":"primitive","value":["aggregate data","survey data"]},{"typeName":"dataSources","multiple":true,"typeClass":"primitive","value":["(1) personal interviews, and (2) reports of the   United States Bureau of the Census, reports of the Department   of Housing and Urban Development, the Municipal Yearbook, and  scholarly publications"]}]},"geospatial":{"displayName":"Geospatial Metadata","fields":[{"typeName":"geographicCoverage","multiple":true,"typeClass":"compound","value":[{"otherGeographicCoverage":{"typeName":"otherGeographicCoverage","multiple":false,"typeClass":"primitive","value":"Please see geographic coverage."}},{"otherGeographicCoverage":{"typeName":"otherGeographicCoverage","multiple":false,"typeClass":"primitive","value":"Akron"}},{"otherGeographicCoverage":{"typeName":"otherGeographicCoverage","multiple":false,"typeClass":"primitive","value":"Alabama"}},{"otherGeographicCoverage":{"typeName":"otherGeographicCoverage","multiple":false,"typeClass":"primitive","value":"Albany (New York)"}},{"otherGeographicCoverage":{"typeName":"otherGeographicCoverage","multiple":false,"typeClass":"primitive","value":"Amarillo"}},{"otherGeographicCoverage":{"typeName":"otherGeographicCoverage","multiple":false,"typeClass":"primitive","value":"Arizona"}},{"otherGeographicCoverage":{"typeName":"otherGeographicCoverage","multiple":false,"typeClass":"primitive","value":"Atlanta"}},{"otherGeographicCoverage":{"typeName":"otherGeographicCoverage","multiple":false,"typeClass":"primitive","value":"Berkeley"}},{"otherGeographicCoverage":{"typeName":"otherGeographicCoverage","multiple":false,"typeClass":"primitive","value":"Birmingham"}},{"otherGeographicCoverage":{"typeName":"otherGeographicCoverage","multiple":false,"typeClass":"primitive","value":"Bloomington"}},{"otherGeographicCoverage":{"typeName":"otherGeographicCoverage","multiple":false,"typeClass":"primitive","value":"Boston"}},{"otherGeographicCoverage":{"typeName":"otherGeographicCoverage","multiple":false,"typeClass":"primitive","value":"Buffalo"}},{"otherGeographicCoverage":{"typeName":"otherGeographicCoverage","multiple":false,"typeClass":"primitive","value":"California"}},{"otherGeographicCoverage":{"typeName":"otherGeographicCoverage","multiple":false,"typeClass":"primitive","value":"Cambridge"}},{"otherGeographicCoverage":{"typeName":"otherGeographicCoverage","multiple":false,"typeClass":"primitive","value":"Charlotte"}},{"otherGeographicCoverage":{"typeName":"otherGeographicCoverage","multiple":false,"typeClass":"primitive","value":"Clifton"}},{"otherGeographicCoverage":{"typeName":"otherGeographicCoverage","multiple":false,"typeClass":"primitive","value":"Connecticut"}},{"otherGeographicCoverage":{"typeName":"otherGeographicCoverage","multiple":false,"typeClass":"primitive","value":"Duluth"}},{"otherGeographicCoverage":{"typeName":"otherGeographicCoverage","multiple":false,"typeClass":"primitive","value":"Euclid"}},{"otherGeographicCoverage":{"typeName":"otherGeographicCoverage","multiple":false,"typeClass":"primitive","value":"Florida"}},{"otherGeographicCoverage":{"typeName":"otherGeographicCoverage","multiple":false,"typeClass":"primitive","value":"Fort Worth"}},{"otherGeographicCoverage":{"typeName":"otherGeographicCoverage","multiple":false,"typeClass":"primitive","value":"Fullerton"}},{"otherGeographicCoverage":{"typeName":"otherGeographicCoverage","multiple":false,"typeClass":"primitive","value":"Gary"}},{"otherGeographicCoverage":{"typeName":"otherGeographicCoverage","multiple":false,"typeClass":"primitive","value":"Georgia"}},{"otherGeographicCoverage":{"typeName":"otherGeographicCoverage","multiple":false,"typeClass":"primitive","value":"Hamilton"}},{"otherGeographicCoverage":{"typeName":"otherGeographicCoverage","multiple":false,"typeClass":"primitive","value":"Hammond"}},{"otherGeographicCoverage":{"typeName":"otherGeographicCoverage","multiple":false,"typeClass":"primitive","value":"Indiana"}},{"otherGeographicCoverage":{"typeName":"otherGeographicCoverage","multiple":false,"typeClass":"primitive","value":"Indianapolis"}},{"otherGeographicCoverage":{"typeName":"otherGeographicCoverage","multiple":false,"typeClass":"primitive","value":"Irvington"}},{"otherGeographicCoverage":{"typeName":"otherGeographicCoverage","multiple":false,"typeClass":"primitive","value":"Jacksonville"}},{"otherGeographicCoverage":{"typeName":"otherGeographicCoverage","multiple":false,"typeClass":"primitive","value":"Long Beach"}},{"otherGeographicCoverage":{"typeName":"otherGeographicCoverage","multiple":false,"typeClass":"primitive","value":"Malden"}},{"otherGeographicCoverage":{"typeName":"otherGeographicCoverage","multiple":false,"typeClass":"primitive","value":"Manchester"}},{"otherGeographicCoverage":{"typeName":"otherGeographicCoverage","multiple":false,"typeClass":"primitive","value":"Massachusetts"}},{"otherGeographicCoverage":{"typeName":"otherGeographicCoverage","multiple":false,"typeClass":"primitive","value":"Memphis"}},{"otherGeographicCoverage":{"typeName":"otherGeographicCoverage","multiple":false,"typeClass":"primitive","value":"Michigan"}},{"otherGeographicCoverage":{"typeName":"otherGeographicCoverage","multiple":false,"typeClass":"primitive","value":"Milwaukee"}},{"otherGeographicCoverage":{"typeName":"otherGeographicCoverage","multiple":false,"typeClass":"primitive","value":"Minneapolis"}},{"otherGeographicCoverage":{"typeName":"otherGeographicCoverage","multiple":false,"typeClass":"primitive","value":"Minnesota"}},{"otherGeographicCoverage":{"typeName":"otherGeographicCoverage","multiple":false,"typeClass":"primitive","value":"Missouri"}},{"otherGeographicCoverage":{"typeName":"otherGeographicCoverage","multiple":false,"typeClass":"primitive","value":"New Hampshire"}},{"otherGeographicCoverage":{"typeName":"otherGeographicCoverage","multiple":false,"typeClass":"primitive","value":"New Jersey"}},{"otherGeographicCoverage":{"typeName":"otherGeographicCoverage","multiple":false,"typeClass":"primitive","value":"New York (state)"}},{"otherGeographicCoverage":{"typeName":"otherGeographicCoverage","multiple":false,"typeClass":"primitive","value":"Newark"}},{"otherGeographicCoverage":{"typeName":"otherGeographicCoverage","multiple":false,"typeClass":"primitive","value":"North Carolina"}},{"otherGeographicCoverage":{"typeName":"otherGeographicCoverage","multiple":false,"typeClass":"primitive","value":"Ohio"}},{"otherGeographicCoverage":{"typeName":"otherGeographicCoverage","multiple":false,"typeClass":"primitive","value":"Palo Alto"}},{"otherGeographicCoverage":{"typeName":"otherGeographicCoverage","multiple":false,"typeClass":"primitive","value":"Pasadena"}},{"otherGeographicCoverage":{"typeName":"otherGeographicCoverage","multiple":false,"typeClass":"primitive","value":"Pennsylvania"}},{"otherGeographicCoverage":{"typeName":"otherGeographicCoverage","multiple":false,"typeClass":"primitive","value":"Phoenix"}},{"otherGeographicCoverage":{"typeName":"otherGeographicCoverage","multiple":false,"typeClass":"primitive","value":"Pittsburgh"}},{"otherGeographicCoverage":{"typeName":"otherGeographicCoverage","multiple":false,"typeClass":"primitive","value":"Salt Lake City"}},{"otherGeographicCoverage":{"typeName":"otherGeographicCoverage","multiple":false,"typeClass":"primitive","value":"San Francisco"}},{"otherGeographicCoverage":{"typeName":"otherGeographicCoverage","multiple":false,"typeClass":"primitive","value":"San Jose"}},{"otherGeographicCoverage":{"typeName":"otherGeographicCoverage","multiple":false,"typeClass":"primitive","value":"Santa Ana"}},{"otherGeographicCoverage":{"typeName":"otherGeographicCoverage","multiple":false,"typeClass":"primitive","value":"Santa Monica"}},{"otherGeographicCoverage":{"typeName":"otherGeographicCoverage","multiple":false,"typeClass":"primitive","value":"Schenectady"}},{"otherGeographicCoverage":{"typeName":"otherGeographicCoverage","multiple":false,"typeClass":"primitive","value":"Seattle"}},{"otherGeographicCoverage":{"typeName":"otherGeographicCoverage","multiple":false,"typeClass":"primitive","value":"South Bend"}},{"otherGeographicCoverage":{"typeName":"otherGeographicCoverage","multiple":false,"typeClass":"primitive","value":"St. Louis"}},{"otherGeographicCoverage":{"typeName":"otherGeographicCoverage","multiple":false,"typeClass":"primitive","value":"St. Paul"}},{"otherGeographicCoverage":{"typeName":"otherGeographicCoverage","multiple":false,"typeClass":"primitive","value":"St. Petersburg"}},{"otherGeographicCoverage":{"typeName":"otherGeographicCoverage","multiple":false,"typeClass":"primitive","value":"Tampa"}},{"otherGeographicCoverage":{"typeName":"otherGeographicCoverage","multiple":false,"typeClass":"primitive","value":"Tennessee"}},{"otherGeographicCoverage":{"typeName":"otherGeographicCoverage","multiple":false,"typeClass":"primitive","value":"Texas"}},{"otherGeographicCoverage":{"typeName":"otherGeographicCoverage","multiple":false,"typeClass":"primitive","value":"Tyler"}},{"otherGeographicCoverage":{"typeName":"otherGeographicCoverage","multiple":false,"typeClass":"primitive","value":"United States"}},{"otherGeographicCoverage":{"typeName":"otherGeographicCoverage","multiple":false,"typeClass":"primitive","value":"Utah"}},{"otherGeographicCoverage":{"typeName":"otherGeographicCoverage","multiple":false,"typeClass":"primitive","value":"Utica"}},{"otherGeographicCoverage":{"typeName":"otherGeographicCoverage","multiple":false,"typeClass":"primitive","value":"Waco"}},{"otherGeographicCoverage":{"typeName":"otherGeographicCoverage","multiple":false,"typeClass":"primitive","value":"Warren"}},{"otherGeographicCoverage":{"typeName":"otherGeographicCoverage","multiple":false,"typeClass":"primitive","value":"Washington (state)"}},{"otherGeographicCoverage":{"typeName":"otherGeographicCoverage","multiple":false,"typeClass":"primitive","value":"Waterbury"}},{"otherGeographicCoverage":{"typeName":"otherGeographicCoverage","multiple":false,"typeClass":"primitive","value":"Waukegan"}},{"otherGeographicCoverage":{"typeName":"otherGeographicCoverage","multiple":false,"typeClass":"primitive","value":"Wisconsin"}}]}]},"socialscience":{"displayName":"Social Science and Humanities Metadata","fields":[{"typeName":"samplingProcedure","multiple":false,"typeClass":"primitive","value":"A total of 51 communities with populations of 50,000-750,000  in 22 states of the United States."}]}},"files":[{"description":"","label":"Aggregate","restricted":false,"version":1,"datasetVersionId":41484,"dataFile":{"id":2660556,"persistentId":"","pidURL":"","filename":"Aggregate","contentType":"data/various-formats","filesize":0,"description":"","storageIdentifier":"","rootDataFileId":-1,"md5":"","checksum":{"type":"MD5","value":""}}},{"description":"","label":"Codebook for All Parts","restricted":false,"version":1,"datasetVersionId":41484,"dataFile":{"id":2660558,"persistentId":"","pidURL":"","filename":"Codebook for All Parts","contentType":"data/various-formats","filesize":0,"description":"","storageIdentifier":"","rootDataFileId":-1,"md5":"","checksum":{"type":"MD5","value":""}}},{"description":"","label":"Individual","restricted":false,"version":1,"datasetVersionId":41484,"dataFile":{"id":2660557,"persistentId":"","pidURL":"","filename":"Individual","contentType":"data/various-formats","filesize":0,"description":"","storageIdentifier":"","rootDataFileId":-1,"md5":"","checksum":{"type":"MD5","value":""}}},{"description":"","label":"Merged Aggregate and Individual","restricted":false,"version":1,"datasetVersionId":41484,"dataFile":{"id":2660555,"persistentId":"","pidURL":"","filename":"Merged Aggregate and Individual","contentType":"data/various-formats","filesize":0,"description":"","storageIdentifier":"","rootDataFileId":-1,"md5":"","checksum":{"type":"MD5","value":""}}}]}}}