{"status":"OK","data":{"id":39718,"identifier":"ICPSR00003.v1","persistentUrl":"https://doi.org/10.3886/ICPSR00003.v1","protocol":"doi","authority":"10.3886","publisher":"Harvard Dataverse","publicationDate":"2015-04-08","storageIdentifier":"file://10.3886/ICPSR00003.v1","latestVersion":{"id":35718,"storageIdentifier":"file://10.3886/ICPSR00003.v1","versionState":"RELEASED","distributionDate":"1984-07-06","productionDate":"Production Date","lastUpdateTime":"2015-04-09T03:26:34Z","releaseTime":"2015-04-09T03:26:34Z","createTime":"2015-04-09T03:26:34Z","license":"NONE","specialPermissions":"Additional special permissions, where applicable, are described in the restrictions field.","conditions":"<p>AVAILABLE.  This study is freely available to ICPSR member institutions.</p>","disclaimer":"The original collector of the data, ICPSR, \t\tand the relevant funding agency bear no responsibility \t\tfor use of the data or for interpretations or inferences \t\tbased upon such uses.","metadataBlocks":{"citation":{"displayName":"Citation Metadata","fields":[{"typeName":"title","multiple":false,"typeClass":"primitive","value":"Historical, Demographic, Economic, and Social Data:  The United States, 1790-1970"},{"typeName":"author","multiple":true,"typeClass":"compound","value":[{"authorName":{"typeName":"authorName","multiple":false,"typeClass":"primitive","value":"Inter-university Consortium for Political and Social Research"},"authorAffiliation":{"typeName":"authorAffiliation","multiple":false,"typeClass":"primitive","value":"Inter-university Consortium for Political and Social Research"}}]},{"typeName":"datasetContact","multiple":true,"typeClass":"compound","value":[{"datasetContactEmail":{"typeName":"datasetContactEmail","multiple":false,"typeClass":"primitive","value":"N/A"}}]},{"typeName":"dsDescription","multiple":true,"typeClass":"compound","value":[{"dsDescriptionValue":{"typeName":"dsDescriptionValue","multiple":false,"typeClass":"primitive","value":"Detailed county and state-level ecological or descriptive   data for the United States for the years 1790 to 1970 are contained in   this collection. These data files contain extensive information about   the social and political character of the United States, including a   breakdown of population by state, race, nationality, number of   families, size of the family, births, deaths, marriages, occupation,   religion, and general economic conditions. Though not complete over the   full time span of this study, statistics are available on such diverse   subjects as total numbers of newspapers and periodicals, total capital   invested in manufacturing, total numbers of educational institutions,   total number of churches, taxation by state, and land surface area in  square miles."}}]},{"typeName":"keyword","multiple":true,"typeClass":"compound","value":[{"keywordValue":{"typeName":"keywordValue","multiple":false,"typeClass":"primitive","value":"census data"},"keywordVocabulary":{"typeName":"keywordVocabulary","multiple":false,"typeClass":"primitive","value":"thesaurus"}},{"keywordValue":{"typeName":"keywordValue","multiple":false,"typeClass":"primitive","value":"counties"},"keywordVocabulary":{"typeName":"keywordVocabulary","multiple":false,"typeClass":"primitive","value":"thesaurus"}},{"keywordValue":{"typeName":"keywordValue","multiple":false,"typeClass":"primitive","value":"demographic characteristics"},"keywordVocabulary":{"typeName":"keywordVocabulary","multiple":false,"typeClass":"primitive","value":"thesaurus"}},{"keywordValue":{"typeName":"keywordValue","multiple":false,"typeClass":"primitive","value":"economic conditions"},"keywordVocabulary":{"typeName":"keywordVocabulary","multiple":false,"typeClass":"primitive","value":"thesaurus"}},{"keywordValue":{"typeName":"keywordValue","multiple":false,"typeClass":"primitive","value":"eighteenth century"},"keywordVocabulary":{"typeName":"keywordVocabulary","multiple":false,"typeClass":"primitive","value":"thesaurus"}},{"keywordValue":{"typeName":"keywordValue","multiple":false,"typeClass":"primitive","value":"families"},"keywordVocabulary":{"typeName":"keywordVocabulary","multiple":false,"typeClass":"primitive","value":"thesaurus"}},{"keywordValue":{"typeName":"keywordValue","multiple":false,"typeClass":"primitive","value":"historical data"},"keywordVocabulary":{"typeName":"keywordVocabulary","multiple":false,"typeClass":"primitive","value":"thesaurus"}},{"keywordValue":{"typeName":"keywordValue","multiple":false,"typeClass":"primitive","value":"marriage"},"keywordVocabulary":{"typeName":"keywordVocabulary","multiple":false,"typeClass":"primitive","value":"thesaurus"}},{"keywordValue":{"typeName":"keywordValue","multiple":false,"typeClass":"primitive","value":"national identity"},"keywordVocabulary":{"typeName":"keywordVocabulary","multiple":false,"typeClass":"primitive","value":"thesaurus"}},{"keywordValue":{"typeName":"keywordValue","multiple":false,"typeClass":"primitive","value":"nineteenth century"},"keywordVocabulary":{"typeName":"keywordVocabulary","multiple":false,"typeClass":"primitive","value":"thesaurus"}},{"keywordValue":{"typeName":"keywordValue","multiple":false,"typeClass":"primitive","value":"occupations"},"keywordVocabulary":{"typeName":"keywordVocabulary","multiple":false,"typeClass":"primitive","value":"thesaurus"}},{"keywordValue":{"typeName":"keywordValue","multiple":false,"typeClass":"primitive","value":"political change"},"keywordVocabulary":{"typeName":"keywordVocabulary","multiple":false,"typeClass":"primitive","value":"thesaurus"}},{"keywordValue":{"typeName":"keywordValue","multiple":false,"typeClass":"primitive","value":"population"},"keywordVocabulary":{"typeName":"keywordVocabulary","multiple":false,"typeClass":"primitive","value":"thesaurus"}},{"keywordValue":{"typeName":"keywordValue","multiple":false,"typeClass":"primitive","value":"population size"},"keywordVocabulary":{"typeName":"keywordVocabulary","multiple":false,"typeClass":"primitive","value":"thesaurus"}},{"keywordValue":{"typeName":"keywordValue","multiple":false,"typeClass":"primitive","value":"religion"},"keywordVocabulary":{"typeName":"keywordVocabulary","multiple":false,"typeClass":"primitive","value":"thesaurus"}},{"keywordValue":{"typeName":"keywordValue","multiple":false,"typeClass":"primitive","value":"states (USA)"},"keywordVocabulary":{"typeName":"keywordVocabulary","multiple":false,"typeClass":"primitive","value":"thesaurus"}},{"keywordValue":{"typeName":"keywordValue","multiple":false,"typeClass":"primitive","value":"twentieth century"},"keywordVocabulary":{"typeName":"keywordVocabulary","multiple":false,"typeClass":"primitive","value":"thesaurus"}}]},{"typeName":"topicClassification","multiple":true,"typeClass":"compound","value":[{"topicClassValue":{"typeName":"topicClassValue","multiple":false,"typeClass":"primitive","value":"DSDR VI. Population Characteristics"},"topicClassVocab":{"typeName":"topicClassVocab","multiple":false,"typeClass":"primitive","value":"DSDR subject classifications"}},{"topicClassValue":{"typeName":"topicClassValue","multiple":false,"typeClass":"primitive","value":"ICPSR I.A.1.a. Census Enumerations: Historical and Contemporary Population Characteristics, United States, Decennial Censuses, 1790-1960 Censuses"},"topicClassVocab":{"typeName":"topicClassVocab","multiple":false,"typeClass":"primitive","value":"ICPSR subject classifications"}},{"topicClassValue":{"typeName":"topicClassValue","multiple":false,"typeClass":"primitive","value":"RCMD V. Health and Well-Being"},"topicClassVocab":{"typeName":"topicClassVocab","multiple":false,"typeClass":"primitive","value":"RCMD subject classifications"}}]},{"typeName":"notesText","multiple":false,"typeClass":"primitive","value":"Version Date: 2005-12-22Version Text: 2005-12-22Version Date: 2005-12-22Version Text: 2005-12-22 Subject: null  Type: null  Notes: All files were removed from dataset 35 and flagged as study-level files, so that they will accompany all downloads.; Subject: null  Type: null  Notes: LRECL with SAS, and SPSS setup files;Subject: Study Level Error Note, Notes: (1) This study has been updated and revised as HISTORICAL,  DEMOGRAPHIC, ECONOMIC, AND SOCIAL DATA: THE UNITED STATES, 1790-2000  (ICPSR 2896). ICPSR staff recommends that, for most purposes, researchers use the updated version istead of ICPSR 0003; Subject: null  Type: null  Notes: Data file(s), and electronic documentation.;"},{"typeName":"grantNumber","multiple":true,"typeClass":"compound","value":[{"grantNumberValue":{"typeName":"grantNumberValue","multiple":false,"typeClass":"primitive","value":"GS-1435, GS-1435A1, GS-1231, GS-2473, and APR75-01320"}}]},{"typeName":"distributor","multiple":true,"typeClass":"compound","value":[{"distributorName":{"typeName":"distributorName","multiple":false,"typeClass":"primitive","value":"Inter-university Consortium for Political and Social Research"},"distributorAffiliation":{"typeName":"distributorAffiliation","multiple":false,"typeClass":"primitive","value":"Institute for Social Research, University of Michigan"},"distributorAbbreviation":{"typeName":"distributorAbbreviation","multiple":false,"typeClass":"primitive","value":"ICPSR"},"distributorURL":{"typeName":"distributorURL","multiple":false,"typeClass":"primitive","value":"http://www.icpsr.umich.edu/"},"distributorLogoURL":{"typeName":"distributorLogoURL","multiple":false,"typeClass":"primitive","value":"http://www.icpsr.umich.edu/images/icpsr-logo.gif"}}]},{"typeName":"distributionDate","multiple":false,"typeClass":"primitive","value":"1984-07-06"},{"typeName":"timePeriodCovered","multiple":true,"typeClass":"compound","value":[{"timePeriodCoveredStart":{"typeName":"timePeriodCoveredStart","multiple":false,"typeClass":"primitive","value":"1790"},"timePeriodCoveredEnd":{"typeName":"timePeriodCoveredEnd","multiple":false,"typeClass":"primitive","value":"1970"}}]},{"typeName":"kindOfData","multiple":true,"typeClass":"primitive","value":["aggregate data"]},{"typeName":"series","multiple":false,"typeClass":"compound","value":{"seriesName":{"typeName":"seriesName","multiple":false,"typeClass":"primitive","value":"Census of Population and Housing, 1790-1950 [United States] Series"}}},{"typeName":"dataSources","multiple":true,"typeClass":"primitive","value":["(1) United States Bureau of the Census decennial census  reports, and (2) SURVEY OF CHURCHES AND CHURCH MEMBERSHIP, 1952"]}]},"geospatial":{"displayName":"Geospatial Metadata","fields":[{"typeName":"geographicCoverage","multiple":true,"typeClass":"compound","value":[{"otherGeographicCoverage":{"typeName":"otherGeographicCoverage","multiple":false,"typeClass":"primitive","value":"Please see geographic coverage."}},{"otherGeographicCoverage":{"typeName":"otherGeographicCoverage","multiple":false,"typeClass":"primitive","value":"United States"}}]}]},"socialscience":{"displayName":"Social Science and Humanities Metadata","fields":[{"typeName":"universe","multiple":true,"typeClass":"primitive","value":["The Population of the United States from 1790-1970"]}]}},"files":[{"description":"","label":"1790 Census (County and State)","restricted":false,"version":1,"datasetVersionId":35718,"dataFile":{"id":2614260,"persistentId":"","pidURL":"","filename":"1790 Census (County and State)","contentType":"data/various-formats","filesize":0,"description":"","storageIdentifier":"","rootDataFileId":-1,"md5":"","checksum":{"type":"MD5","value":""}}},{"description":"","label":"1800 Census (County and State)","restricted":false,"version":1,"datasetVersionId":35718,"dataFile":{"id":2614261,"persistentId":"","pidURL":"","filename":"1800 Census (County and State)","contentType":"data/various-formats","filesize":0,"description":"","storageIdentifier":"","rootDataFileId":-1,"md5":"","checksum":{"type":"MD5","value":""}}},{"description":"","label":"1810 Census (County and State)","restricted":false,"version":1,"datasetVersionId":35718,"dataFile":{"id":2614262,"persistentId":"","pidURL":"","filename":"1810 Census (County and State)","contentType":"data/various-formats","filesize":0,"description":"","storageIdentifier":"","rootDataFileId":-1,"md5":"","checksum":{"type":"MD5","value":""}}},{"description":"","label":"1820 Census (County and State)","restricted":false,"version":1,"datasetVersionId":35718,"dataFile":{"id":2614263,"persistentId":"","pidURL":"","filename":"1820 Census (County and State)","contentType":"data/various-formats","filesize":0,"description":"","storageIdentifier":"","rootDataFileId":-1,"md5":"","checksum":{"type":"MD5","value":""}}},{"description":"","label":"1830 Census (County and State)","restricted":false,"version":1,"datasetVersionId":35718,"dataFile":{"id":2614264,"persistentId":"","pidURL":"","filename":"1830 Census (County and State)","contentType":"data/various-formats","filesize":0,"description":"","storageIdentifier":"","rootDataFileId":-1,"md5":"","checksum":{"type":"MD5","value":""}}},{"description":"","label":"1840 Census (County and State)","restricted":false,"version":1,"datasetVersionId":35718,"dataFile":{"id":2614265,"persistentId":"","pidURL":"","filename":"1840 Census (County and State)","contentType":"data/various-formats","filesize":0,"description":"","storageIdentifier":"","rootDataFileId":-1,"md5":"","checksum":{"type":"MD5","value":""}}},{"description":"","label":"1850 Census (County and State)","restricted":false,"version":1,"datasetVersionId":35718,"dataFile":{"id":2614266,"persistentId":"","pidURL":"","filename":"1850 Census (County and State)","contentType":"data/various-formats","filesize":0,"description":"","storageIdentifier":"","rootDataFileId":-1,"md5":"","checksum":{"type":"MD5","value":""}}},{"description":"","label":"1850 Census Dataset S01 (State Only)","restricted":false,"version":1,"datasetVersionId":35718,"dataFile":{"id":2614280,"persistentId":"","pidURL":"","filename":"1850 Census Dataset S01 (State Only)","contentType":"data/various-formats","filesize":0,"description":"","storageIdentifier":"","rootDataFileId":-1,"md5":"","checksum":{"type":"MD5","value":""}}},{"description":"","label":"1860 Census (County and State)","restricted":false,"version":1,"datasetVersionId":35718,"dataFile":{"id":2614267,"persistentId":"","pidURL":"","filename":"1860 Census (County and State)","contentType":"data/various-formats","filesize":0,"description":"","storageIdentifier":"","rootDataFileId":-1,"md5":"","checksum":{"type":"MD5","value":""}}},{"description":"","label":"1860 Census Dataset S01 (State Only)","restricted":false,"version":1,"datasetVersionId":35718,"dataFile":{"id":2614281,"persistentId":"","pidURL":"","filename":"1860 Census Dataset S01 (State Only)","contentType":"data/various-formats","filesize":0,"description":"","storageIdentifier":"","rootDataFileId":-1,"md5":"","checksum":{"type":"MD5","value":""}}},{"description":"","label":"1870 Census (County and State)","restricted":false,"version":1,"datasetVersionId":35718,"dataFile":{"id":2614268,"persistentId":"","pidURL":"","filename":"1870 Census (County and State)","contentType":"data/various-formats","filesize":0,"description":"","storageIdentifier":"","rootDataFileId":-1,"md5":"","checksum":{"type":"MD5","value":""}}},{"description":"","label":"1870 Census Dataset S01 (State Only)","restricted":false,"version":1,"datasetVersionId":35718,"dataFile":{"id":2614282,"persistentId":"","pidURL":"","filename":"1870 Census Dataset S01 (State Only)","contentType":"data/various-formats","filesize":0,"description":"","storageIdentifier":"","rootDataFileId":-1,"md5":"","checksum":{"type":"MD5","value":""}}},{"description":"","label":"1870 Census Dataset S02 (State Only)","restricted":false,"version":1,"datasetVersionId":35718,"dataFile":{"id":2614283,"persistentId":"","pidURL":"","filename":"1870 Census Dataset S02 (State Only)","contentType":"data/various-formats","filesize":0,"description":"","storageIdentifier":"","rootDataFileId":-1,"md5":"","checksum":{"type":"MD5","value":""}}},{"description":"","label":"1870 Census Dataset S03 (State Only)","restricted":false,"version":1,"datasetVersionId":35718,"dataFile":{"id":2614284,"persistentId":"","pidURL":"","filename":"1870 Census Dataset S03 (State Only)","contentType":"data/various-formats","filesize":0,"description":"","storageIdentifier":"","rootDataFileId":-1,"md5":"","checksum":{"type":"MD5","value":""}}},{"description":"","label":"1880 Census (County and State)","restricted":false,"version":1,"datasetVersionId":35718,"dataFile":{"id":2614269,"persistentId":"","pidURL":"","filename":"1880 Census (County and State)","contentType":"data/various-formats","filesize":0,"description":"","storageIdentifier":"","rootDataFileId":-1,"md5":"","checksum":{"type":"MD5","value":""}}},{"description":"","label":"1880 Census Dataset S01 (State Only)","restricted":false,"version":1,"datasetVersionId":35718,"dataFile":{"id":2614285,"persistentId":"","pidURL":"","filename":"1880 Census Dataset S01 (State Only)","contentType":"data/various-formats","filesize":0,"description":"","storageIdentifier":"","rootDataFileId":-1,"md5":"","checksum":{"type":"MD5","value":""}}},{"description":"","label":"1880 Census Dataset S02 (State Only)","restricted":false,"version":1,"datasetVersionId":35718,"dataFile":{"id":2614286,"persistentId":"","pidURL":"","filename":"1880 Census Dataset S02 (State Only)","contentType":"data/various-formats","filesize":0,"description":"","storageIdentifier":"","rootDataFileId":-1,"md5":"","checksum":{"type":"MD5","value":""}}},{"description":"","label":"1890 Census (County and State)","restricted":false,"version":1,"datasetVersionId":35718,"dataFile":{"id":2614270,"persistentId":"","pidURL":"","filename":"1890 Census (County and State)","contentType":"data/various-formats","filesize":0,"description":"","storageIdentifier":"","rootDataFileId":-1,"md5":"","checksum":{"type":"MD5","value":""}}},{"description":"","label":"1890 Census Dataset S01 (State Only)","restricted":false,"version":1,"datasetVersionId":35718,"dataFile":{"id":2614287,"persistentId":"","pidURL":"","filename":"1890 Census Dataset S01 (State Only)","contentType":"data/various-formats","filesize":0,"description":"","storageIdentifier":"","rootDataFileId":-1,"md5":"","checksum":{"type":"MD5","value":""}}},{"description":"","label":"1890 Census Religious Data (County and State)","restricted":false,"version":1,"datasetVersionId":35718,"dataFile":{"id":2614271,"persistentId":"","pidURL":"","filename":"1890 Census Religious Data (County and State)","contentType":"data/various-formats","filesize":0,"description":"","storageIdentifier":"","rootDataFileId":-1,"md5":"","checksum":{"type":"MD5","value":""}}},{"description":"","label":"1900 Census (County and State)","restricted":false,"version":1,"datasetVersionId":35718,"dataFile":{"id":2614272,"persistentId":"","pidURL":"","filename":"1900 Census (County and State)","contentType":"data/various-formats","filesize":0,"description":"","storageIdentifier":"","rootDataFileId":-1,"md5":"","checksum":{"type":"MD5","value":""}}},{"description":"","label":"1900 Census Dataset S01 (State Only)","restricted":false,"version":1,"datasetVersionId":35718,"dataFile":{"id":2614288,"persistentId":"","pidURL":"","filename":"1900 Census Dataset S01 (State Only)","contentType":"data/various-formats","filesize":0,"description":"","storageIdentifier":"","rootDataFileId":-1,"md5":"","checksum":{"type":"MD5","value":""}}},{"description":"","label":"1910 Census (County and State)","restricted":false,"version":1,"datasetVersionId":35718,"dataFile":{"id":2614273,"persistentId":"","pidURL":"","filename":"1910 Census (County and State)","contentType":"data/various-formats","filesize":0,"description":"","storageIdentifier":"","rootDataFileId":-1,"md5":"","checksum":{"type":"MD5","value":""}}},{"description":"","label":"1910 Census Dataset S01 (State Only)","restricted":false,"version":1,"datasetVersionId":35718,"dataFile":{"id":2614289,"persistentId":"","pidURL":"","filename":"1910 Census Dataset S01 (State Only)","contentType":"data/various-formats","filesize":0,"description":"","storageIdentifier":"","rootDataFileId":-1,"md5":"","checksum":{"type":"MD5","value":""}}},{"description":"","label":"1920 Census (County and State)","restricted":false,"version":1,"datasetVersionId":35718,"dataFile":{"id":2614274,"persistentId":"","pidURL":"","filename":"1920 Census (County and State)","contentType":"data/various-formats","filesize":0,"description":"","storageIdentifier":"","rootDataFileId":-1,"md5":"","checksum":{"type":"MD5","value":""}}},{"description":"","label":"1920 Census Dataset S01 (State Only)","restricted":false,"version":1,"datasetVersionId":35718,"dataFile":{"id":2614290,"persistentId":"","pidURL":"","filename":"1920 Census Dataset S01 (State Only)","contentType":"data/various-formats","filesize":0,"description":"","storageIdentifier":"","rootDataFileId":-1,"md5":"","checksum":{"type":"MD5","value":""}}},{"description":"","label":"1930 Census (County and State)","restricted":false,"version":1,"datasetVersionId":35718,"dataFile":{"id":2614275,"persistentId":"","pidURL":"","filename":"1930 Census (County and State)","contentType":"data/various-formats","filesize":0,"description":"","storageIdentifier":"","rootDataFileId":-1,"md5":"","checksum":{"type":"MD5","value":""}}},{"description":"","label":"1930 Census Dataset S01 (State Only)","restricted":false,"version":1,"datasetVersionId":35718,"dataFile":{"id":2614291,"persistentId":"","pidURL":"","filename":"1930 Census Dataset S01 (State Only)","contentType":"data/various-formats","filesize":0,"description":"","storageIdentifier":"","rootDataFileId":-1,"md5":"","checksum":{"type":"MD5","value":""}}},{"description":"","label":"1940 Census (County and State)","restricted":false,"version":1,"datasetVersionId":35718,"dataFile":{"id":2614276,"persistentId":"","pidURL":"","filename":"1940 Census (County and State)","contentType":"data/various-formats","filesize":0,"description":"","storageIdentifier":"","rootDataFileId":-1,"md5":"","checksum":{"type":"MD5","value":""}}},{"description":"","label":"1940 Census Dataset S01 (State Only)","restricted":false,"version":1,"datasetVersionId":35718,"dataFile":{"id":2614292,"persistentId":"","pidURL":"","filename":"1940 Census Dataset S01 (State Only)","contentType":"data/various-formats","filesize":0,"description":"","storageIdentifier":"","rootDataFileId":-1,"md5":"","checksum":{"type":"MD5","value":""}}},{"description":"","label":"1950 Census (County and State)","restricted":false,"version":1,"datasetVersionId":35718,"dataFile":{"id":2614277,"persistentId":"","pidURL":"","filename":"1950 Census (County and State)","contentType":"data/various-formats","filesize":0,"description":"","storageIdentifier":"","rootDataFileId":-1,"md5":"","checksum":{"type":"MD5","value":""}}},{"description":"","label":"1950 Census Dataset S01 (State Only)","restricted":false,"version":1,"datasetVersionId":35718,"dataFile":{"id":2614293,"persistentId":"","pidURL":"","filename":"1950 Census Dataset S01 (State Only)","contentType":"data/various-formats","filesize":0,"description":"","storageIdentifier":"","rootDataFileId":-1,"md5":"","checksum":{"type":"MD5","value":""}}},{"description":"","label":"1960 Census (County and State)","restricted":false,"version":1,"datasetVersionId":35718,"dataFile":{"id":2614278,"persistentId":"","pidURL":"","filename":"1960 Census (County and State)","contentType":"data/various-formats","filesize":0,"description":"","storageIdentifier":"","rootDataFileId":-1,"md5":"","checksum":{"type":"MD5","value":""}}},{"description":"","label":"1970 Census (County and State)","restricted":false,"version":1,"datasetVersionId":35718,"dataFile":{"id":2614279,"persistentId":"","pidURL":"","filename":"1970 Census (County and State)","contentType":"data/various-formats","filesize":0,"description":"","storageIdentifier":"","rootDataFileId":-1,"md5":"","checksum":{"type":"MD5","value":""}}}]}}}