{"status":"OK","data":{"id":41973,"identifier":"ICPSR00002.v5","persistentUrl":"https://doi.org/10.3886/ICPSR00002.v5","protocol":"doi","authority":"10.3886","publisher":"Harvard Dataverse","publicationDate":"2015-04-08","storageIdentifier":"file://10.3886/ICPSR00002.v5","latestVersion":{"id":37973,"storageIdentifier":"file://10.3886/ICPSR00002.v5","versionState":"RELEASED","distributionDate":"1984-06-19","productionDate":"Production Date","lastUpdateTime":"2015-04-09T03:51:20Z","releaseTime":"2015-04-09T03:51:20Z","createTime":"2015-04-09T03:51:20Z","license":"NONE","specialPermissions":"Additional special permissions, where applicable, are described in the restrictions field.","conditions":"<p>AVAILABLE.  This study is freely available to ICPSR member institutions.</p>","disclaimer":"The original collector of the data, ICPSR, \t\tand the relevant funding agency bear no responsibility \t\tfor use of the data or for interpretations or inferences \t\tbased upon such uses.","metadataBlocks":{"citation":{"displayName":"Citation Metadata","fields":[{"typeName":"title","multiple":false,"typeClass":"primitive","value":"Candidate Name and Constituency Totals, 1788-1990"},{"typeName":"author","multiple":true,"typeClass":"compound","value":[{"authorName":{"typeName":"authorName","multiple":false,"typeClass":"primitive","value":"Inter-university Consortium for Political and Social Research"},"authorAffiliation":{"typeName":"authorAffiliation","multiple":false,"typeClass":"primitive","value":"Inter-university Consortium for Political and Social Research"}}]},{"typeName":"datasetContact","multiple":true,"typeClass":"compound","value":[{"datasetContactEmail":{"typeName":"datasetContactEmail","multiple":false,"typeClass":"primitive","value":"N/A"}}]},{"typeName":"dsDescription","multiple":true,"typeClass":"compound","value":[{"dsDescriptionValue":{"typeName":"dsDescriptionValue","multiple":false,"typeClass":"primitive","value":"This data collection provides the names of candidates, political party name and ICPSR party ID code, and the number of votes received by each candidate in the constituency for elections between 1788 and 1990. The data include county-level returns for over 90 percent of all elections to the offices of president, governor, United States representative (1824-1990), and United States senator (1912-1990). The dataset also includes returns for approximately two-thirds of all elections to the offices o\nf president, governor, and United States representative for the period 1788-1823. Returns for one additional statewide office are included beginning with the 1968 elections. Also presented are 1990 data from the District of Columbia election for United States senator and United States representative. The offices of two senators and one representative were created by the \"District of Columbia Statehood Constitutional Convention Initiative,\" which was approved by District voters in 1980. Elections\nfor these offices were postponed until the 1990 general election. The\nthree offices are currently local District positions, which will turn\ninto federal offices if the District becomes a state."}}]},{"typeName":"keyword","multiple":true,"typeClass":"compound","value":[{"keywordValue":{"typeName":"keywordValue","multiple":false,"typeClass":"primitive","value":"candidates"},"keywordVocabulary":{"typeName":"keywordVocabulary","multiple":false,"typeClass":"primitive","value":"thesaurus"}},{"keywordValue":{"typeName":"keywordValue","multiple":false,"typeClass":"primitive","value":"constituencies"},"keywordVocabulary":{"typeName":"keywordVocabulary","multiple":false,"typeClass":"primitive","value":"thesaurus"}},{"keywordValue":{"typeName":"keywordValue","multiple":false,"typeClass":"primitive","value":"elections"},"keywordVocabulary":{"typeName":"keywordVocabulary","multiple":false,"typeClass":"primitive","value":"thesaurus"}},{"keywordValue":{"typeName":"keywordValue","multiple":false,"typeClass":"primitive","value":"political attitudes"},"keywordVocabulary":{"typeName":"keywordVocabulary","multiple":false,"typeClass":"primitive","value":"thesaurus"}},{"keywordValue":{"typeName":"keywordValue","multiple":false,"typeClass":"primitive","value":"political behavior"},"keywordVocabulary":{"typeName":"keywordVocabulary","multiple":false,"typeClass":"primitive","value":"thesaurus"}},{"keywordValue":{"typeName":"keywordValue","multiple":false,"typeClass":"primitive","value":"political parties"},"keywordVocabulary":{"typeName":"keywordVocabulary","multiple":false,"typeClass":"primitive","value":"thesaurus"}}]},{"typeName":"topicClassification","multiple":true,"typeClass":"compound","value":[{"topicClassValue":{"typeName":"topicClassValue","multiple":false,"typeClass":"primitive","value":"ICPSR XIV.A.3.a. Mass Political Behavior and Attitudes, Historical and Contemporary Electoral Processes, Election Returns, United States"},"topicClassVocab":{"typeName":"topicClassVocab","multiple":false,"typeClass":"primitive","value":"ICPSR subject classifications"}},{"topicClassValue":{"typeName":"topicClassValue","multiple":false,"typeClass":"primitive","value":"RCMD X. Political Participation"},"topicClassVocab":{"typeName":"topicClassVocab","multiple":false,"typeClass":"primitive","value":"RCMD subject classifications"}}]},{"typeName":"notesText","multiple":false,"typeClass":"primitive","value":"Version Date: 1995-06-05Version Text: 1995-06-05 Subject: null  Type: null  Notes: Card Image with SAS and SPSS data definition statements; Subject: null  Type: null  Notes: Data file(s), and electronic documentation.;"},{"typeName":"grantNumber","multiple":true,"typeClass":"compound","value":[{"grantNumberValue":{"typeName":"grantNumberValue","multiple":false,"typeClass":"primitive","value":"RO-5637-72-464"}}]},{"typeName":"distributor","multiple":true,"typeClass":"compound","value":[{"distributorName":{"typeName":"distributorName","multiple":false,"typeClass":"primitive","value":"Inter-university Consortium for Political and Social Research"},"distributorAffiliation":{"typeName":"distributorAffiliation","multiple":false,"typeClass":"primitive","value":"Institute for Social Research, University of Michigan"},"distributorAbbreviation":{"typeName":"distributorAbbreviation","multiple":false,"typeClass":"primitive","value":"ICPSR"},"distributorURL":{"typeName":"distributorURL","multiple":false,"typeClass":"primitive","value":"http://www.icpsr.umich.edu/"},"distributorLogoURL":{"typeName":"distributorLogoURL","multiple":false,"typeClass":"primitive","value":"http://www.icpsr.umich.edu/images/icpsr-logo.gif"}}]},{"typeName":"distributionDate","multiple":false,"typeClass":"primitive","value":"1984-06-19"},{"typeName":"timePeriodCovered","multiple":true,"typeClass":"compound","value":[{"timePeriodCoveredStart":{"typeName":"timePeriodCoveredStart","multiple":false,"typeClass":"primitive","value":"1788"},"timePeriodCoveredEnd":{"typeName":"timePeriodCoveredEnd","multiple":false,"typeClass":"primitive","value":"1990"}}]},{"typeName":"kindOfData","multiple":true,"typeClass":"primitive","value":["aggregate data","survey data"]},{"typeName":"series","multiple":false,"typeClass":"compound","value":{"seriesName":{"typeName":"seriesName","multiple":false,"typeClass":"primitive","value":"United States Historical Election Returns Series"}}},{"typeName":"dataSources","multiple":true,"typeClass":"primitive","value":["official election returns provided by state governments"]}]},"geospatial":{"displayName":"Geospatial Metadata","fields":[{"typeName":"geographicCoverage","multiple":true,"typeClass":"compound","value":[{"otherGeographicCoverage":{"typeName":"otherGeographicCoverage","multiple":false,"typeClass":"primitive","value":"Please see geographic coverage."}},{"otherGeographicCoverage":{"typeName":"otherGeographicCoverage","multiple":false,"typeClass":"primitive","value":"United States"}}]}]},"socialscience":{"displayName":"Social Science and Humanities Metadata","fields":[{"typeName":"universe","multiple":true,"typeClass":"primitive","value":["Candidates who ran for the offices of president, governor, and United States representative (1824-1990), United States senator (1912-1990), and one additional statewide office, usually attorney general or secretary of state (1968-1990)."]},{"typeName":"cleaningOperations","multiple":false,"typeClass":"primitive","value":"Performed consistency checks."}]}},"files":[{"description":"","label":"Data File","restricted":false,"version":1,"datasetVersionId":37973,"dataFile":{"id":2632375,"persistentId":"","pidURL":"","filename":"Data File","contentType":"data/various-formats","filesize":0,"description":"","storageIdentifier":"","rootDataFileId":-1,"md5":"","checksum":{"type":"MD5","value":""}}},{"description":"","label":"ICPSR State and County Codes Based on 1960 FIPS Codes (Text File)","restricted":false,"version":1,"datasetVersionId":37973,"dataFile":{"id":2632377,"persistentId":"","pidURL":"","filename":"ICPSR State and County Codes Based on 1960 FIPS Codes (Text File)","contentType":"data/various-formats","filesize":0,"description":"","storageIdentifier":"","rootDataFileId":-1,"md5":"","checksum":{"type":"MD5","value":""}}},{"description":"","label":"SAS Data Definition Statements","restricted":false,"version":1,"datasetVersionId":37973,"dataFile":{"id":2632376,"persistentId":"","pidURL":"","filename":"SAS Data Definition Statements","contentType":"data/various-formats","filesize":0,"description":"","storageIdentifier":"","rootDataFileId":-1,"md5":"","checksum":{"type":"MD5","value":""}}}]}}}