{"status":"OK","data":{"id":44944,"identifier":"ICPSR00020.v1","persistentUrl":"https://doi.org/10.3886/ICPSR00020.v1","protocol":"doi","authority":"10.3886","publisher":"Harvard Dataverse","publicationDate":"2015-04-09","storageIdentifier":"file://10.3886/ICPSR00020.v1","latestVersion":{"id":40944,"storageIdentifier":"file://10.3886/ICPSR00020.v1","versionState":"RELEASED","distributionDate":"1984-06-28","productionDate":"Production Date","lastUpdateTime":"2015-04-09T04:23:54Z","releaseTime":"2015-04-09T04:23:54Z","createTime":"2015-04-09T04:23:54Z","license":"NONE","specialPermissions":"Additional special permissions, where applicable, are described in the restrictions field.","conditions":"<p>AVAILABLE.  This study is freely available to ICPSR member institutions.</p>","disclaimer":"The original collector of the data, ICPSR, \t\tand the relevant funding agency bear no responsibility \t\tfor use of the data or for interpretations or inferences \t\tbased upon such uses.","metadataBlocks":{"citation":{"displayName":"Citation Metadata","fields":[{"typeName":"title","multiple":false,"typeClass":"primitive","value":"Demographic Characteristics of the Population of the United States, 1930-1950: County-Level"},{"typeName":"author","multiple":true,"typeClass":"compound","value":[{"authorName":{"typeName":"authorName","multiple":false,"typeClass":"primitive","value":"Gardner, John"},"authorAffiliation":{"typeName":"authorAffiliation","multiple":false,"typeClass":"primitive","value":"University of Chicago. Center for Urban Studies"}},{"authorName":{"typeName":"authorName","multiple":false,"typeClass":"primitive","value":"Cohen, William"},"authorAffiliation":{"typeName":"authorAffiliation","multiple":false,"typeClass":"primitive","value":"University of Chicago. Center for Urban Studies"}}]},{"typeName":"datasetContact","multiple":true,"typeClass":"compound","value":[{"datasetContactEmail":{"typeName":"datasetContactEmail","multiple":false,"typeClass":"primitive","value":"N/A"}}]},{"typeName":"dsDescription","multiple":true,"typeClass":"compound","value":[{"dsDescriptionValue":{"typeName":"dsDescriptionValue","multiple":false,"typeClass":"primitive","value":"This data collection contains county-level information   on total number of population and internal migration in the United States   from 1930 to 1950.  Demographic information is provided on race, age,   and sex for the counties. There are variables that provide information   by age group on the number of native-born white males and females,  foreign-born white males and females, Black males and females, and males  and females of other nationalities such as Indians, Japanese, and Chinese.   For 1930 and 1940, the population is tabulated in five-year intervals   until age 34 and in ten-year intervals thereafter. For 1950, the numbers  of whites and non-whites are given by sex and age in five-year intervals.    Additional variables provide information by age group on net migration of   white males and females, and on Black males and females. Other variables  give information on births and deaths."}}]},{"typeName":"keyword","multiple":true,"typeClass":"compound","value":[{"keywordValue":{"typeName":"keywordValue","multiple":false,"typeClass":"primitive","value":"African Americans"},"keywordVocabulary":{"typeName":"keywordVocabulary","multiple":false,"typeClass":"primitive","value":"thesaurus"}},{"keywordValue":{"typeName":"keywordValue","multiple":false,"typeClass":"primitive","value":"birth rates"},"keywordVocabulary":{"typeName":"keywordVocabulary","multiple":false,"typeClass":"primitive","value":"thesaurus"}},{"keywordValue":{"typeName":"keywordValue","multiple":false,"typeClass":"primitive","value":"counties"},"keywordVocabulary":{"typeName":"keywordVocabulary","multiple":false,"typeClass":"primitive","value":"thesaurus"}},{"keywordValue":{"typeName":"keywordValue","multiple":false,"typeClass":"primitive","value":"demographic characteristics"},"keywordVocabulary":{"typeName":"keywordVocabulary","multiple":false,"typeClass":"primitive","value":"thesaurus"}},{"keywordValue":{"typeName":"keywordValue","multiple":false,"typeClass":"primitive","value":"ethnic groups"},"keywordVocabulary":{"typeName":"keywordVocabulary","multiple":false,"typeClass":"primitive","value":"thesaurus"}},{"keywordValue":{"typeName":"keywordValue","multiple":false,"typeClass":"primitive","value":"internal migration"},"keywordVocabulary":{"typeName":"keywordVocabulary","multiple":false,"typeClass":"primitive","value":"thesaurus"}},{"keywordValue":{"typeName":"keywordValue","multiple":false,"typeClass":"primitive","value":"mortality rates"},"keywordVocabulary":{"typeName":"keywordVocabulary","multiple":false,"typeClass":"primitive","value":"thesaurus"}},{"keywordValue":{"typeName":"keywordValue","multiple":false,"typeClass":"primitive","value":"population dynamics"},"keywordVocabulary":{"typeName":"keywordVocabulary","multiple":false,"typeClass":"primitive","value":"thesaurus"}},{"keywordValue":{"typeName":"keywordValue","multiple":false,"typeClass":"primitive","value":"population migration"},"keywordVocabulary":{"typeName":"keywordVocabulary","multiple":false,"typeClass":"primitive","value":"thesaurus"}}]},{"typeName":"topicClassification","multiple":true,"typeClass":"compound","value":[{"topicClassValue":{"typeName":"topicClassValue","multiple":false,"typeClass":"primitive","value":"ICPSR I.A.1.a. Census Enumerations: Historical and Contemporary Population Characteristics, United States, Decennial Censuses, 1790-1960 Censuses"},"topicClassVocab":{"typeName":"topicClassVocab","multiple":false,"typeClass":"primitive","value":"ICPSR subject classifications"}},{"topicClassValue":{"typeName":"topicClassValue","multiple":false,"typeClass":"primitive","value":"RCMD IX. Minority Populations"},"topicClassVocab":{"typeName":"topicClassVocab","multiple":false,"typeClass":"primitive","value":"RCMD subject classifications"}}]},{"typeName":"notesText","multiple":false,"typeClass":"primitive","value":"Version Date: 1992-02-16Version Text: 1992-02-16 Subject: null  Type: null  Notes: LRECL with SAS and SPSS data definition statements; Subject: null  Type: null  Notes: Data file(s), and electronic documentation.;"},{"typeName":"distributor","multiple":true,"typeClass":"compound","value":[{"distributorName":{"typeName":"distributorName","multiple":false,"typeClass":"primitive","value":"Inter-university Consortium for Political and Social Research"},"distributorAffiliation":{"typeName":"distributorAffiliation","multiple":false,"typeClass":"primitive","value":"Institute for Social Research, University of Michigan"},"distributorAbbreviation":{"typeName":"distributorAbbreviation","multiple":false,"typeClass":"primitive","value":"ICPSR"},"distributorURL":{"typeName":"distributorURL","multiple":false,"typeClass":"primitive","value":"http://www.icpsr.umich.edu/"},"distributorLogoURL":{"typeName":"distributorLogoURL","multiple":false,"typeClass":"primitive","value":"http://www.icpsr.umich.edu/images/icpsr-logo.gif"}}]},{"typeName":"distributionDate","multiple":false,"typeClass":"primitive","value":"1984-06-28"},{"typeName":"timePeriodCovered","multiple":true,"typeClass":"compound","value":[{"timePeriodCoveredStart":{"typeName":"timePeriodCoveredStart","multiple":false,"typeClass":"primitive","value":"1930"},"timePeriodCoveredEnd":{"typeName":"timePeriodCoveredEnd","multiple":false,"typeClass":"primitive","value":"1950"}}]},{"typeName":"kindOfData","multiple":true,"typeClass":"primitive","value":["census data, and aggregate data"]},{"typeName":"dataSources","multiple":true,"typeClass":"primitive","value":["United States Bureau of the Census censuses of population  for 1930, 1940, and 1950"]}]},"geospatial":{"displayName":"Geospatial Metadata","fields":[{"typeName":"geographicCoverage","multiple":true,"typeClass":"compound","value":[{"otherGeographicCoverage":{"typeName":"otherGeographicCoverage","multiple":false,"typeClass":"primitive","value":"Please see geographic coverage."}},{"otherGeographicCoverage":{"typeName":"otherGeographicCoverage","multiple":false,"typeClass":"primitive","value":"United States"}}]}]},"socialscience":{"displayName":"Social Science and Humanities Metadata","fields":[{"typeName":"universe","multiple":true,"typeClass":"primitive","value":["A total of 3,111 counties, plus a few aggregated spatial units,  in the 50 states of the United States."]},{"typeName":"cleaningOperations","multiple":false,"typeClass":"primitive","value":"Checked for undocumented or out-of-range codes."}]}},"files":[{"description":"","label":"Demographic Characteristics of the Population of the United States, 1930-1950 County-Level","restricted":false,"version":1,"datasetVersionId":40944,"dataFile":{"id":2657229,"persistentId":"","pidURL":"","filename":"Demographic Characteristics of the Population of the United States, 1930-1950 County-Level","contentType":"data/various-formats","filesize":0,"description":"","storageIdentifier":"","rootDataFileId":-1,"md5":"","checksum":{"type":"MD5","value":""}}}]}}}