{"status":"OK","data":{"id":42447,"identifier":"ICPSR00011.v1","persistentUrl":"https://doi.org/10.3886/ICPSR00011.v1","protocol":"doi","authority":"10.3886","publisher":"Harvard Dataverse","publicationDate":"2015-04-08","storageIdentifier":"file://10.3886/ICPSR00011.v1","latestVersion":{"id":38447,"storageIdentifier":"file://10.3886/ICPSR00011.v1","versionState":"RELEASED","distributionDate":"1984-06-20","productionDate":"Production Date","lastUpdateTime":"2015-04-09T03:56:34Z","releaseTime":"2015-04-09T03:56:34Z","createTime":"2015-04-09T03:56:34Z","license":"NONE","specialPermissions":"Additional special permissions, where applicable, are described in the restr\nictions field.","conditions":"<p>AVAILABLE.  This study is freely available to ICPSR member institutions.</p>","disclaimer":"The original collector of the data, ICPSR, \t\tand the relevant funding agency bear no responsibility \t\tfor use of the data or for interpretations or inferences \t\tbased upon such uses.","metadataBlocks":{"citation":{"displayName":"Citation Metadata","fields":[{"typeName":"title","multiple":false,"typeClass":"primitive","value":"United States Congressional District Data Book for the Ninety-Third Congress, 1973"},{"typeName":"author","multiple":true,"typeClass":"compound","value":[{"authorName":{"typeName":"authorName","multiple":false,"typeClass":"primitive","value":"United States Department of Commerce. Bureau of the Census"},"authorAffiliation":{"typeName":"authorAffiliation","multiple":false,"typeClass":"primitive","value":"United States Department of Commerce. Bureau of the Census"}}]},{"typeName":"datasetContact","multiple":true,"typeClass":"compound","value":[{"datasetContactEmail":{"typeName":"datasetContactEmail","multiple":false,"typeClass":"primitive","value":"N/A"}}]},{"typeName":"dsDescription","multiple":true,"typeClass":"compound","value":[{"dsDescriptionValue":{"typeName":"dsDescriptionValue","multiple":false,"typeClass":"primitive","value":"This study contains aggregate socioeconomic and   demographic data as well as electoral returns for the offices   of the United States President and United States Representatives   for the elections of 1966-1970 for the congressional districts   of the 93rd Congress. Data are provided for the number   of votes cast for the Democratic candidates and the Republican   candidates, the percentage of votes received by the winning party,   and the total number of votes cast in the 1966, 1968, and 1970   elections for United States Representatives, as well as the total   votes cast for the office of president, and the number of votes   cast for each party's presidential candidate in the 1968 election.   Information is also provided on housing characteristics, employment,   income, poverty level, and military enrollment for the 93rd   congressional districts. Demographic variables provide information   on age, race, sex, marital status, education, and place of birth   for the population of these congressional districts. In addition   to the congressional district level, data aggregated to the state  level are also available."}}]},{"typeName":"keyword","multiple":true,"typeClass":"compound","value":[{"keywordValue":{"typeName":"keywordValue","multiple":false,"typeClass":"primitive","value":"candidates"},"keywordVocabulary":{"typeName":"keywordVocabulary","multiple":false,"typeClass":"primitive","value":"thesaurus"}},{"keywordValue":{"typeName":"keywordValue","multiple":false,"typeClass":"primitive","value":"congressional districts"},"keywordVocabulary":{"typeName":"keywordVocabulary","multiple":false,"typeClass":"primitive","value":"thesaurus"}},{"keywordValue":{"typeName":"keywordValue","multiple":false,"typeClass":"primitive","value":"congressional elections"},"keywordVocabulary":{"typeName":"keywordVocabulary","multiple":false,"typeClass":"primitive","value":"thesaurus"}},{"keywordValue":{"typeName":"keywordValue","multiple":false,"typeClass":"primitive","value":"Democratic Party (USA)"},"keywordVocabulary":{"typeName":"keywordVocabulary","multiple":false,"typeClass":"primitive","value":"thesaurus"}},{"keywordValue":{"typeName":"keywordValue","multiple":false,"typeClass":"primitive","value":"election returns"},"keywordVocabulary":{"typeName":"keywordVocabulary","multiple":false,"typeClass":"primitive","value":"thesaurus"}},{"keywordValue":{"typeName":"keywordValue","multiple":false,"typeClass":"primitive","value":"ethnicity"},"keywordVocabulary":{"typeName":"keywordVocabulary","multiple":false,"typeClass":"primitive","value":"thesaurus"}},{"keywordValue":{"typeName":"keywordValue","multiple":false,"typeClass":"primitive","value":"housing"},"keywordVocabulary":{"typeName":"keywordVocabulary","multiple":false,"typeClass":"primitive","value":"thesaurus"}},{"keywordValue":{"typeName":"keywordValue","multiple":false,"typeClass":"primitive","value":"income"},"keywordVocabulary":{"typeName":"keywordVocabulary","multiple":false,"typeClass":"primitive","value":"thesaurus"}},{"keywordValue":{"typeName":"keywordValue","multiple":false,"typeClass":"primitive","value":"national elections"},"keywordVocabulary":{"typeName":"keywordVocabulary","multiple":false,"typeClass":"primitive","value":"thesaurus"}},{"keywordValue":{"typeName":"keywordValue","multiple":false,"typeClass":"primitive","value":"presidential elections"},"keywordVocabulary":{"typeName":"keywordVocabulary","multiple":false,"typeClass":"primitive","value":"thesaurus"}},{"keywordValue":{"typeName":"keywordValue","multiple":false,"typeClass":"primitive","value":"Republican Party (USA)"},"keywordVocabulary":{"typeName":"keywordVocabulary","multiple":false,"typeClass":"primitive","value":"thesaurus"}},{"keywordValue":{"typeName":"keywordValue","multiple":false,"typeClass":"primitive","value":"United States Congress"},"keywordVocabulary":{"typeName":"keywordVocabulary","multiple":false,"typeClass":"primitive","value":"thesaurus"}},{"keywordValue":{"typeName":"keywordValue","multiple":false,"typeClass":"primitive","value":"United States House of Representatives"},"keywordVocabulary":{"typeName":"keywordVocabulary","multiple":false,"typeClass":"primitive","value":"thesaurus"}},{"keywordValue":{"typeName":"keywordValue","multiple":false,"typeClass":"primitive","value":"vote count"},"keywordVocabulary":{"typeName":"keywordVocabulary","multiple":false,"typeClass":"primitive","value":"thesaurus"}},{"keywordValue":{"typeName":"keywordValue","multiple":false,"typeClass":"primitive","value":"voters"},"keywordVocabulary":{"typeName":"keywordVocabulary","multiple":false,"typeClass":"primitive","value":"thesaurus"}}]},{"typeName":"topicClassification","multiple":true,"typeClass":"compound","value":[{"topicClassValue":{"typeName":"topicClassValue","multiple":false,"typeClass":"primitive","value":"ICPSR XIV.A.4.a. Mass Political Behavior and Attitudes, Historical and Contemporary Electoral Processes, Merged Electoral and Ecological Data, United States"},"topicClassVocab":{"typeName":"topicClassVocab","multiple":false,"typeClass":"primitive","value":"ICPSR subject classifications"}}]},{"typeName":"notesText","multiple":false,"typeClass":"primitive","value":"Version Date: 2005-12-22Version Text: 2005-12-22Version Date: 2005-12-22Version Text: 2005-12-22 Subject: null  Type: null  Notes: All files were removed from dataset 5 and flagged as study-level files, so that they will accompany all downloads.; Subject: null  Type: null  Notes: LRECL and Card Image with SAS and SPSS data  definition statements;Subject: Study Level Error Note, Notes: (1) See also the related data collection, UNITED   STATES CONGRESSIONAL DISTRICT DATA BOOKS (ICPSR 0010). (2) Several   files of reduced logical record lengths have been created from the   original Bureau format, due to the large amount of available data,   in order to facilitate selective retrievals from the database. This   feature also allows the data to be supplied in card-image format.   (3) The codebook   is provided by ICPSR as a Portable Document Format (PDF) file. The PDF   file format was developed by Adobe Systems Incorporated and can be   accessed using PDF reader software, such as the Adobe Acrobat Reader.   Information on how to obtain a copy of the Acrobat Reader is provided  on the ICPSR Web site.; Subject: null  Type: null  Notes: Data file(s), and electronic documentation.;"},{"typeName":"distributor","multiple":true,"typeClass":"compound","value":[{"distributorName":{"typeName":"distributorName","multiple":false,"typeClass":"primitive","value":"Inter-university Consortium for Political and Social Research"},"distributorAffiliation":{"typeName":"distributorAffiliation","multiple":false,"typeClass":"primitive","value":"Institute for Social Research, University of Michigan"},"distributorAbbreviation":{"typeName":"distributorAbbreviation","multiple":false,"typeClass":"primitive","value":"ICPSR"},"distributorURL":{"typeName":"distributorURL","multiple":false,"typeClass":"primitive","value":"http://www.icpsr.umich.edu/"},"distributorLogoURL":{"typeName":"distributorLogoURL","multiple":false,"typeClass":"primitive","value":"http://www.icpsr.umich.edu/images/icpsr-logo.gif"}}]},{"typeName":"distributionDate","multiple":false,"typeClass":"primitive","value":"1984-06-20"},{"typeName":"timePeriodCovered","multiple":true,"typeClass":"compound","value":[{"timePeriodCoveredStart":{"typeName":"timePeriodCoveredStart","multiple":false,"typeClass":"primitive","value":"1973"}}]},{"typeName":"kindOfData","multiple":true,"typeClass":"primitive","value":["census data, and aggregate data"]},{"typeName":"dataSources","multiple":true,"typeClass":"primitive","value":["(1) United States Department of Commerce. Bureau of   the Census. FIFTH COUNT FILES OF POPULATION AND HOUSING, and (2)   Inter-university Consortium for Political and Social Research (ICPSR)  electoral returns data, 1966-1970"]}]},"geospatial":{"displayName":"Geospatial Metadata","fields":[{"typeName":"geographicCoverage","multiple":true,"typeClass":"compound","value":[{"otherGeographicCoverage":{"typeName":"otherGeographicCoverage","multiple":false,"typeClass":"primitive","value":"Please see geographic coverage."}},{"otherGeographicCoverage":{"typeName":"otherGeographicCoverage","multiple":false,"typeClass":"primitive","value":"United States"}}]}]},"socialscience":{"displayName":"Social Science and Humanities Metadata","fields":[{"typeName":"universe","multiple":true,"typeClass":"primitive","value":["United States 93rd congressional districts in the period 1966-1973."]},{"typeName":"cleaningOperations","multiple":false,"typeClass":"primitive","value":"Checked for undocumented or out-of-range codes."}]}},"files":[{"description":"","label":"File 1 Data","restricted":false,"version":1,"datasetVersionId":38447,"dataFile":{"id":2637524,"persistentId":"","pidURL":"","filename":"File 1 Data","contentType":"data/various-formats","filesize":0,"description":"","storageIdentifier":"","rootDataFileId":-1,"md5":"","checksum":{"type":"MD5","value":""}}},{"description":"","label":"File 2 Data","restricted":false,"version":1,"datasetVersionId":38447,"dataFile":{"id":2637525,"persistentId":"","pidURL":"","filename":"File 2 Data","contentType":"data/various-formats","filesize":0,"description":"","storageIdentifier":"","rootDataFileId":-1,"md5":"","checksum":{"type":"MD5","value":""}}},{"description":"","label":"File 3 Data","restricted":false,"version":1,"datasetVersionId":38447,"dataFile":{"id":2637526,"persistentId":"","pidURL":"","filename":"File 3 Data","contentType":"data/various-formats","filesize":0,"description":"","storageIdentifier":"","rootDataFileId":-1,"md5":"","checksum":{"type":"MD5","value":""}}},{"description":"","label":"File 4 Data","restricted":false,"version":1,"datasetVersionId":38447,"dataFile":{"id":2637527,"persistentId":"","pidURL":"","filename":"File 4 Data","contentType":"data/various-formats","filesize":0,"description":"","storageIdentifier":"","rootDataFileId":-1,"md5":"","checksum":{"type":"MD5","value":""}}}]}}}