{"status":"OK","data":{"id":41084,"identifier":"ICPSR00004.v3","persistentUrl":"https://doi.org/10.3886/ICPSR00004.v3","protocol":"doi","authority":"10.3886","publisher":"Harvard Dataverse","publicationDate":"2015-04-08","storageIdentifier":"file://10.3886/ICPSR00004.v3","latestVersion":{"id":37084,"storageIdentifier":"file://10.3886/ICPSR00004.v3","versionState":"RELEASED","distributionDate":"1984-06-29","productionDate":"Production Date","lastUpdateTime":"2015-04-09T03:41:33Z","releaseTime":"2015-04-09T03:41:33Z","createTime":"2015-04-09T03:41:33Z","license":"NONE","specialPermissions":"Additional special permissions, where applicable, are described in the restrictions field.","conditions":"<p>AVAILABLE.  This study is freely available to ICPSR member institutions.</p>","disclaimer":"The original collector of the data, ICPSR, \t\tand the relevant funding agency bear no responsibility \t\tfor use of the data or for interpretations or inferences \t\tbased upon such uses.","metadataBlocks":{"citation":{"displayName":"Citation Metadata","fields":[{"typeName":"title","multiple":false,"typeClass":"primitive","value":"United States Congressional Roll Call Voting Records, 1789-1998"},{"typeName":"author","multiple":true,"typeClass":"compound","value":[{"authorName":{"typeName":"authorName","multiple":false,"typeClass":"primitive","value":"Inter-university Consortium for Political and Social Research"},"authorAffiliation":{"typeName":"authorAffiliation","multiple":false,"typeClass":"primitive","value":"Inter-university Consortium for Political and Social Research"}},{"authorName":{"typeName":"authorName","multiple":false,"typeClass":"primitive","value":"Congressional Quarterly, Inc."},"authorAffiliation":{"typeName":"authorAffiliation","multiple":false,"typeClass":"primitive","value":"Congressional Quarterly, Inc."}}]},{"typeName":"datasetContact","multiple":true,"typeClass":"compound","value":[{"datasetContactEmail":{"typeName":"datasetContactEmail","multiple":false,"typeClass":"primitive","value":"N/A"}}]},{"typeName":"dsDescription","multiple":true,"typeClass":"compound","value":[{"dsDescriptionValue":{"typeName":"dsDescriptionValue","multiple":false,"typeClass":"primitive","value":"Roll call voting records for both chambers of the United States Congress through the second session of the 105th Congress are presented in this data collection. Each data file in the collection contains information for one chamber of a single Congress. The units of analysis in each part are the individual members of Congress. Each record contains a member's voting action on every roll call vote taken during that Congress, along with variables that identify the member (e.g., name, party, state, district, uniform ICPSR member number, and most recent means of attaining office). In addition, the codebook provides descriptive information for each roll call, including the date of the vote, outcome in terms of nays and yeas, name of initiator, the relevant bill or resolution number, and a synopsis of the issue."}}]},{"typeName":"keyword","multiple":true,"typeClass":"compound","value":[{"keywordValue":{"typeName":"keywordValue","multiple":false,"typeClass":"primitive","value":"eighteenth century"},"keywordVocabulary":{"typeName":"keywordVocabulary","multiple":false,"typeClass":"primitive","value":"thesaurus"}},{"keywordValue":{"typeName":"keywordValue","multiple":false,"typeClass":"primitive","value":"historical data"},"keywordVocabulary":{"typeName":"keywordVocabulary","multiple":false,"typeClass":"primitive","value":"thesaurus"}},{"keywordValue":{"typeName":"keywordValue","multiple":false,"typeClass":"primitive","value":"legislators"},"keywordVocabulary":{"typeName":"keywordVocabulary","multiple":false,"typeClass":"primitive","value":"thesaurus"}},{"keywordValue":{"typeName":"keywordValue","multiple":false,"typeClass":"primitive","value":"nineteenth century"},"keywordVocabulary":{"typeName":"keywordVocabulary","multiple":false,"typeClass":"primitive","value":"thesaurus"}},{"keywordValue":{"typeName":"keywordValue","multiple":false,"typeClass":"primitive","value":"political history"},"keywordVocabulary":{"typeName":"keywordVocabulary","multiple":false,"typeClass":"primitive","value":"thesaurus"}},{"keywordValue":{"typeName":"keywordValue","multiple":false,"typeClass":"primitive","value":"roll call data"},"keywordVocabulary":{"typeName":"keywordVocabulary","multiple":false,"typeClass":"primitive","value":"thesaurus"}},{"keywordValue":{"typeName":"keywordValue","multiple":false,"typeClass":"primitive","value":"roll call voting records"},"keywordVocabulary":{"typeName":"keywordVocabulary","multiple":false,"typeClass":"primitive","value":"thesaurus"}},{"keywordValue":{"typeName":"keywordValue","multiple":false,"typeClass":"primitive","value":"twentieth century"},"keywordVocabulary":{"typeName":"keywordVocabulary","multiple":false,"typeClass":"primitive","value":"thesaurus"}},{"keywordValue":{"typeName":"keywordValue","multiple":false,"typeClass":"primitive","value":"United States Congress"},"keywordVocabulary":{"typeName":"keywordVocabulary","multiple":false,"typeClass":"primitive","value":"thesaurus"}},{"keywordValue":{"typeName":"keywordValue","multiple":false,"typeClass":"primitive","value":"United States House of Representatives"},"keywordVocabulary":{"typeName":"keywordVocabulary","multiple":false,"typeClass":"primitive","value":"thesaurus"}},{"keywordValue":{"typeName":"keywordValue","multiple":false,"typeClass":"primitive","value":"United States Senate"},"keywordVocabulary":{"typeName":"keywordVocabulary","multiple":false,"typeClass":"primitive","value":"thesaurus"}},{"keywordValue":{"typeName":"keywordValue","multiple":false,"typeClass":"primitive","value":"voting behavior"},"keywordVocabulary":{"typeName":"keywordVocabulary","multiple":false,"typeClass":"primitive","value":"thesaurus"}}]},{"typeName":"topicClassification","multiple":true,"typeClass":"compound","value":[{"topicClassValue":{"typeName":"topicClassValue","multiple":false,"typeClass":"primitive","value":"ICPSR XIII.A.1. Legislative and Deliberative Bodies, Historical and Contemporary Roll Call Voting Records, United States"},"topicClassVocab":{"typeName":"topicClassVocab","multiple":false,"typeClass":"primitive","value":"ICPSR subject classifications"}},{"topicClassValue":{"typeName":"topicClassValue","multiple":false,"typeClass":"primitive","value":"TPDRC I. Terrorism"},"topicClassVocab":{"typeName":"topicClassVocab","multiple":false,"typeClass":"primitive","value":"TPDRC subject classifications"}}]},{"typeName":"notesText","multiple":false,"typeClass":"primitive","value":"Version Date: 2010-05-06Version Text: 2010-05-06Version Date: 2010-05-06Version Text: 2010-05-06 Subject: null  Type: null  Notes: Data for the 105th Congress, House, and Senate (Parts 209-210), have been added to this collection, along with the standard ICPSR full product suite of files.;Version Date: 2004-06-17Version Text: 2004-06-17 Subject: null  Type: null  Notes: Variables were added to Part 110, Senate (55th Congress), and data within certain variables were corrected. SAS and SPSS data definition statements and the codebook have been modified to reflect these changes.;Version Date: 2001-08-24Version Text: 2001-08-24 Subject: null  Type: null  Notes: Logical record length data for the 8th session of the Senate, Part 16, is being made available along with SAS and SPSS data definition statements. The codebook has been modified to reflect these changes.;Version Date: 1998-12-17Version Text: 1998-12-17 Subject: null  Type: null  Notes: Data for the 104th Congress, House and Senate (Parts 207-208), have been added to this collection, along with corresponding machine-readable documentation and SAS and SPSS data definition statements.;Version Date: 1997-02-24Version Text: 1997-02-24 Subject: null  Type: null  Notes: Data for the 102nd and 103rd Congresses, House, and Senate (Parts 203-206) have been added to this collection, along with corresponding machine-readable documentation and SAS and SPSS data definition statements.; Subject: null  Type: null  Notes: OSIRIS and Card Image, with SPSS data definition    statements for each (Parts 1-15 and 17-202), and LRECL with SAS and SPSS   data definition statements (Parts 16 and 203-208);Subject: Study Level Error Note, Notes: The technical format has been standardized for all Congresses. Each file contains data for one chamber of a single Congress.; Subject: null  Type: null  Notes: Stata system file(s), sav Data file(s), stc Data file(s), tsv Data file(s), Data file(s), and electronic documentation.;"},{"typeName":"distributor","multiple":true,"typeClass":"compound","value":[{"distributorName":{"typeName":"distributorName","multiple":false,"typeClass":"primitive","value":"Inter-university Consortium for Political and Social Research"},"distributorAffiliation":{"typeName":"distributorAffiliation","multiple":false,"typeClass":"primitive","value":"Institute for Social Research, University of Michigan"},"distributorAbbreviation":{"typeName":"distributorAbbreviation","multiple":false,"typeClass":"primitive","value":"ICPSR"},"distributorURL":{"typeName":"distributorURL","multiple":false,"typeClass":"primitive","value":"http://www.icpsr.umich.edu/"},"distributorLogoURL":{"typeName":"distributorLogoURL","multiple":false,"typeClass":"primitive","value":"http://www.icpsr.umich.edu/images/icpsr-logo.gif"}}]},{"typeName":"distributionDate","multiple":false,"typeClass":"primitive","value":"1984-06-29"},{"typeName":"timePeriodCovered","multiple":true,"typeClass":"compound","value":[{"timePeriodCoveredStart":{"typeName":"timePeriodCoveredStart","multiple":false,"typeClass":"primitive","value":"1789"},"timePeriodCoveredEnd":{"typeName":"timePeriodCoveredEnd","multiple":false,"typeClass":"primitive","value":"1998"}}]},{"typeName":"kindOfData","multiple":true,"typeClass":"primitive","value":["roll call voting data"]},{"typeName":"series","multiple":false,"typeClass":"compound","value":{"seriesName":{"typeName":"seriesName","multiple":false,"typeClass":"primitive","value":"United States Congressional Roll Call Voting Records Series"}}},{"typeName":"dataSources","multiple":true,"typeClass":"primitive","value":["Materials for the House from the 1st through the 75th Congresses and for the Senate from the 1st through the 73rd Congresses were keypunched from the Congressional Vote Analysis Collecti\non originally prepared by Clifford Lord under Works Progress Administration auspices. Data for the Senate from the 74th through the 78th Congresses were supplied by Richard W. Kirkendall, University of Missouri. Data for the House from the 76th through the 78th Congresses, and for both chambers of the 79th Congress through the 101st Congresses, were prepared by ICPSR staff utilizing the DAILY CONGRESSIONAL RECORD. Data for both chambers from the 102nd through the 105th Congresses were prepared by Congressional Quarterly, Inc."]}]},"geospatial":{"displayName":"Geospatial Metadata","fields":[{"typeName":"geographicCoverage","multiple":true,"typeClass":"compound","value":[{"otherGeographicCoverage":{"typeName":"otherGeographicCoverage","multiple":false,"typeClass":"primitive","value":"Please see geographic coverage."}}]}]},"socialscience":{"displayName":"Social Science and Humanities Metadata","fields":[{"typeName":"universe","multiple":true,"typeClass":"primitive","value":["All roll call votes in the United States Congress."]},{"typeName":"cleaningOperations","multiple":false,"typeClass":"primitive","value":"Checked for undocumented or out-of-range codes."}]}},"files":[{"description":"","label":"Diskette D00014, 101st House and Senate (both sessions)","restricted":false,"version":1,"datasetVersionId":37084,"dataFile":{"id":2624381,"persistentId":"","pidURL":"","filename":"Diskette D00014, 101st House and Senate (both sessions)","contentType":"data/various-formats","filesize":0,"description":"","storageIdentifier":"","rootDataFileId":-1,"md5":"","checksum":{"type":"MD5","value":""}}},{"description":"","label":"House (100th Congress)","restricted":false,"version":1,"datasetVersionId":37084,"dataFile":{"id":2624369,"persistentId":"","pidURL":"","filename":"House (100th Congress)","contentType":"data/various-formats","filesize":0,"description":"","storageIdentifier":"","rootDataFileId":-1,"md5":"","checksum":{"type":"MD5","value":""}}},{"description":"","label":"House (101st Congress)","restricted":false,"version":1,"datasetVersionId":37084,"dataFile":{"id":2624371,"persistentId":"","pidURL":"","filename":"House (101st Congress)","contentType":"data/various-formats","filesize":0,"description":"","storageIdentifier":"","rootDataFileId":-1,"md5":"","checksum":{"type":"MD5","value":""}}},{"description":"","label":"House (102nd Congress)","restricted":false,"version":1,"datasetVersionId":37084,"dataFile":{"id":2624373,"persistentId":"","pidURL":"","filename":"House (102nd Congress)","contentType":"data/various-formats","filesize":0,"description":"","storageIdentifier":"","rootDataFileId":-1,"md5":"","checksum":{"type":"MD5","value":""}}},{"description":"","label":"House (103rd Congress)","restricted":false,"version":1,"datasetVersionId":37084,"dataFile":{"id":2624375,"persistentId":"","pidURL":"","filename":"House (103rd Congress)","contentType":"data/various-formats","filesize":0,"description":"","storageIdentifier":"","rootDataFileId":-1,"md5":"","checksum":{"type":"MD5","value":""}}},{"description":"","label":"House (104th Congress)","restricted":false,"version":1,"datasetVersionId":37084,"dataFile":{"id":2624377,"persistentId":"","pidURL":"","filename":"House (104th Congress)","contentType":"data/various-formats","filesize":0,"description":"","storageIdentifier":"","rootDataFileId":-1,"md5":"","checksum":{"type":"MD5","value":""}}},{"description":"","label":"House (105th Congress)","restricted":false,"version":1,"datasetVersionId":37084,"dataFile":{"id":2624379,"persistentId":"","pidURL":"","filename":"House (105th Congress)","contentType":"data/various-formats","filesize":0,"description":"","storageIdentifier":"","rootDataFileId":-1,"md5":"","checksum":{"type":"MD5","value":""}}},{"description":"","label":"House (10th Congress)","restricted":false,"version":1,"datasetVersionId":37084,"dataFile":{"id":2624189,"persistentId":"","pidURL":"","filename":"House (10th Congress)","contentType":"data/various-formats","filesize":0,"description":"","storageIdentifier":"","rootDataFileId":-1,"md5":"","checksum":{"type":"MD5","value":""}}},{"description":"","label":"House (11th Congress)","restricted":false,"version":1,"datasetVersionId":37084,"dataFile":{"id":2624191,"persistentId":"","pidURL":"","filename":"House (11th Congress)","contentType":"data/various-formats","filesize":0,"description":"","storageIdentifier":"","rootDataFileId":-1,"md5":"","checksum":{"type":"MD5","value":""}}},{"description":"","label":"House (12th Congress)","restricted":false,"version":1,"datasetVersionId":37084,"dataFile":{"id":2624193,"persistentId":"","pidURL":"","filename":"House (12th Congress)","contentType":"data/various-formats","filesize":0,"description":"","storageIdentifier":"","rootDataFileId":-1,"md5":"","checksum":{"type":"MD5","value":""}}},{"description":"","label":"House (13th Congress)","restricted":false,"version":1,"datasetVersionId":37084,"dataFile":{"id":2624195,"persistentId":"","pidURL":"","filename":"House (13th Congress)","contentType":"data/various-formats","filesize":0,"description":"","storageIdentifier":"","rootDataFileId":-1,"md5":"","checksum":{"type":"MD5","value":""}}},{"description":"","label":"House (14th Congress)","restricted":false,"version":1,"datasetVersionId":37084,"dataFile":{"id":2624197,"persistentId":"","pidURL":"","filename":"House (14th Congress)","contentType":"data/various-formats","filesize":0,"description":"","storageIdentifier":"","rootDataFileId":-1,"md5":"","checksum":{"type":"MD5","value":""}}},{"description":"","label":"House (15th Congress)","restricted":false,"version":1,"datasetVersionId":37084,"dataFile":{"id":2624199,"persistentId":"","pidURL":"","filename":"House (15th Congress)","contentType":"data/various-formats","filesize":0,"description":"","storageIdentifier":"","rootDataFileId":-1,"md5":"","checksum":{"type":"MD5","value":""}}},{"description":"","label":"House (16th Congress)","restricted":false,"version":1,"datasetVersionId":37084,"dataFile":{"id":2624201,"persistentId":"","pidURL":"","filename":"House (16th Congress)","contentType":"data/various-formats","filesize":0,"description":"","storageIdentifier":"","rootDataFileId":-1,"md5":"","checksum":{"type":"MD5","value":""}}},{"description":"","label":"House (17th Congress)","restricted":false,"version":1,"datasetVersionId":37084,"dataFile":{"id":2624203,"persistentId":"","pidURL":"","filename":"House (17th Congress)","contentType":"data/various-formats","filesize":0,"description":"","storageIdentifier":"","rootDataFileId":-1,"md5":"","checksum":{"type":"MD5","value":""}}},{"description":"","label":"House (18th Congress)","restricted":false,"version":1,"datasetVersionId":37084,"dataFile":{"id":2624205,"persistentId":"","pidURL":"","filename":"House (18th Congress)","contentType":"data/various-formats","filesize":0,"description":"","storageIdentifier":"","rootDataFileId":-1,"md5":"","checksum":{"type":"MD5","value":""}}},{"description":"","label":"House (19th Congress)","restricted":false,"version":1,"datasetVersionId":37084,"dataFile":{"id":2624207,"persistentId":"","pidURL":"","filename":"House (19th Congress)","contentType":"data/various-formats","filesize":0,"description":"","storageIdentifier":"","rootDataFileId":-1,"md5":"","checksum":{"type":"MD5","value":""}}},{"description":"","label":"House (1st Congress)","restricted":false,"version":1,"datasetVersionId":37084,"dataFile":{"id":2624171,"persistentId":"","pidURL":"","filename":"House (1st Congress)","contentType":"data/various-formats","filesize":0,"description":"","storageIdentifier":"","rootDataFileId":-1,"md5":"","checksum":{"type":"MD5","value":""}}},{"description":"","label":"House (20th Congress)","restricted":false,"version":1,"datasetVersionId":37084,"dataFile":{"id":2624209,"persistentId":"","pidURL":"","filename":"House (20th Congress)","contentType":"data/various-formats","filesize":0,"description":"","storageIdentifier":"","rootDataFileId":-1,"md5":"","checksum":{"type":"MD5","value":""}}},{"description":"","label":"House (21st Congress)","restricted":false,"version":1,"datasetVersionId":37084,"dataFile":{"id":2624211,"persistentId":"","pidURL":"","filename":"House (21st Congress)","contentType":"data/various-formats","filesize":0,"description":"","storageIdentifier":"","rootDataFileId":-1,"md5":"","checksum":{"type":"MD5","value":""}}},{"description":"","label":"House (22nd Congress)","restricted":false,"version":1,"datasetVersionId":37084,"dataFile":{"id":2624213,"persistentId":"","pidURL":"","filename":"House (22nd Congress)","contentType":"data/various-formats","filesize":0,"description":"","storageIdentifier":"","rootDataFileId":-1,"md5":"","checksum":{"type":"MD5","value":""}}},{"description":"","label":"House (23rd Congress)","restricted":false,"version":1,"datasetVersionId":37084,"dataFile":{"id":2624215,"persistentId":"","pidURL":"","filename":"House (23rd Congress)","contentType":"data/various-formats","filesize":0,"description":"","storageIdentifier":"","rootDataFileId":-1,"md5":"","checksum":{"type":"MD5","value":""}}},{"description":"","label":"House (24th Congress)","restricted":false,"version":1,"datasetVersionId":37084,"dataFile":{"id":2624217,"persistentId":"","pidURL":"","filename":"House (24th Congress)","contentType":"data/various-formats","filesize":0,"description":"","storageIdentifier":"","rootDataFileId":-1,"md5":"","checksum":{"type":"MD5","value":""}}},{"description":"","label":"House (25th Congress)","restricted":false,"version":1,"datasetVersionId":37084,"dataFile":{"id":2624219,"persistentId":"","pidURL":"","filename":"House (25th Congress)","contentType":"data/various-formats","filesize":0,"description":"","storageIdentifier":"","rootDataFileId":-1,"md5":"","checksum":{"type":"MD5","value":""}}},{"description":"","label":"House (26th Congress)","restricted":false,"version":1,"datasetVersionId":37084,"dataFile":{"id":2624221,"persistentId":"","pidURL":"","filename":"House (26th Congress)","contentType":"data/various-formats","filesize":0,"description":"","storageIdentifier":"","rootDataFileId":-1,"md5":"","checksum":{"type":"MD5","value":""}}},{"description":"","label":"House (27th Congress)","restricted":false,"version":1,"datasetVersionId":37084,"dataFile":{"id":2624223,"persistentId":"","pidURL":"","filename":"House (27th Congress)","contentType":"data/various-formats","filesize":0,"description":"","storageIdentifier":"","rootDataFileId":-1,"md5":"","checksum":{"type":"MD5","value":""}}},{"description":"","label":"House (28th Congress)","restricted":false,"version":1,"datasetVersionId":37084,"dataFile":{"id":2624225,"persistentId":"","pidURL":"","filename":"House (28th Congress)","contentType":"data/various-formats","filesize":0,"description":"","storageIdentifier":"","rootDataFileId":-1,"md5":"","checksum":{"type":"MD5","value":""}}},{"description":"","label":"House (29th Congress)","restricted":false,"version":1,"datasetVersionId":37084,"dataFile":{"id":2624227,"persistentId":"","pidURL":"","filename":"House (29th Congress)","contentType":"data/various-formats","filesize":0,"description":"","storageIdentifier":"","rootDataFileId":-1,"md5":"","checksum":{"type":"MD5","value":""}}},{"description":"","label":"House (2nd Congress)","restricted":false,"version":1,"datasetVersionId":37084,"dataFile":{"id":2624173,"persistentId":"","pidURL":"","filename":"House (2nd Congress)","contentType":"data/various-formats","filesize":0,"description":"","storageIdentifier":"","rootDataFileId":-1,"md5":"","checksum":{"type":"MD5","value":""}}},{"description":"","label":"House (30th Congress)","restricted":false,"version":1,"datasetVersionId":37084,"dataFile":{"id":2624229,"persistentId":"","pidURL":"","filename":"House (30th Congress)","contentType":"data/various-formats","filesize":0,"description":"","storageIdentifier":"","rootDataFileId":-1,"md5":"","checksum":{"type":"MD5","value":""}}},{"description":"","label":"House (31st Congress)","restricted":false,"version":1,"datasetVersionId":37084,"dataFile":{"id":2624231,"persistentId":"","pidURL":"","filename":"House (31st Congress)","contentType":"data/various-formats","filesize":0,"description":"","storageIdentifier":"","rootDataFileId":-1,"md5":"","checksum":{"type":"MD5","value":""}}},{"description":"","label":"House (32nd Congress)","restricted":false,"version":1,"datasetVersionId":37084,"dataFile":{"id":2624233,"persistentId":"","pidURL":"","filename":"House (32nd Congress)","contentType":"data/various-formats","filesize":0,"description":"","storageIdentifier":"","rootDataFileId":-1,"md5":"","checksum":{"type":"MD5","value":""}}},{"description":"","label":"House (33rd Congress)","restricted":false,"version":1,"datasetVersionId":37084,"dataFile":{"id":2624235,"persistentId":"","pidURL":"","filename":"House (33rd Congress)","contentType":"data/various-formats","filesize":0,"description":"","storageIdentifier":"","rootDataFileId":-1,"md5":"","checksum":{"type":"MD5","value":""}}},{"description":"","label":"House (34th Congress)","restricted":false,"version":1,"datasetVersionId":37084,"dataFile":{"id":2624237,"persistentId":"","pidURL":"","filename":"House (34th Congress)","contentType":"data/various-formats","filesize":0,"description":"","storageIdentifier":"","rootDataFileId":-1,"md5":"","checksum":{"type":"MD5","value":""}}},{"description":"","label":"House (35th Congress)","restricted":false,"version":1,"datasetVersionId":37084,"dataFile":{"id":2624239,"persistentId":"","pidURL":"","filename":"House (35th Congress)","contentType":"data/various-formats","filesize":0,"description":"","storageIdentifier":"","rootDataFileId":-1,"md5":"","checksum":{"type":"MD5","value":""}}},{"description":"","label":"House (36th Congress)","restricted":false,"version":1,"datasetVersionId":37084,"dataFile":{"id":2624241,"persistentId":"","pidURL":"","filename":"House (36th Congress)","contentType":"data/various-formats","filesize":0,"description":"","storageIdentifier":"","rootDataFileId":-1,"md5":"","checksum":{"type":"MD5","value":""}}},{"description":"","label":"House (37th Congress)","restricted":false,"version":1,"datasetVersionId":37084,"dataFile":{"id":2624243,"persistentId":"","pidURL":"","filename":"House (37th Congress)","contentType":"data/various-formats","filesize":0,"description":"","storageIdentifier":"","rootDataFileId":-1,"md5":"","checksum":{"type":"MD5","value":""}}},{"description":"","label":"House (38th Congress)","restricted":false,"version":1,"datasetVersionId":37084,"dataFile":{"id":2624245,"persistentId":"","pidURL":"","filename":"House (38th Congress)","contentType":"data/various-formats","filesize":0,"description":"","storageIdentifier":"","rootDataFileId":-1,"md5":"","checksum":{"type":"MD5","value":""}}},{"description":"","label":"House (39th Congress)","restricted":false,"version":1,"datasetVersionId":37084,"dataFile":{"id":2624247,"persistentId":"","pidURL":"","filename":"House (39th Congress)","contentType":"data/various-formats","filesize":0,"description":"","storageIdentifier":"","rootDataFileId":-1,"md5":"","checksum":{"type":"MD5","value":""}}},{"description":"","label":"House (3rd Congress)","restricted":false,"version":1,"datasetVersionId":37084,"dataFile":{"id":2624175,"persistentId":"","pidURL":"","filename":"House (3rd Congress)","contentType":"data/various-formats","filesize":0,"description":"","storageIdentifier":"","rootDataFileId":-1,"md5":"","checksum":{"type":"MD5","value":""}}},{"description":"","label":"House (40th Congress)","restricted":false,"version":1,"datasetVersionId":37084,"dataFile":{"id":2624249,"persistentId":"","pidURL":"","filename":"House (40th Congress)","contentType":"data/various-formats","filesize":0,"description":"","storageIdentifier":"","rootDataFileId":-1,"md5":"","checksum":{"type":"MD5","value":""}}},{"description":"","label":"House (41st Congress)","restricted":false,"version":1,"datasetVersionId":37084,"dataFile":{"id":2624251,"persistentId":"","pidURL":"","filename":"House (41st Congress)","contentType":"data/various-formats","filesize":0,"description":"","storageIdentifier":"","rootDataFileId":-1,"md5":"","checksum":{"type":"MD5","value":""}}},{"description":"","label":"House (42nd Congress)","restricted":false,"version":1,"datasetVersionId":37084,"dataFile":{"id":2624253,"persistentId":"","pidURL":"","filename":"House (42nd Congress)","contentType":"data/various-formats","filesize":0,"description":"","storageIdentifier":"","rootDataFileId":-1,"md5":"","checksum":{"type":"MD5","value":""}}},{"description":"","label":"House (43rd Congress)","restricted":false,"version":1,"datasetVersionId":37084,"dataFile":{"id":2624255,"persistentId":"","pidURL":"","filename":"House (43rd Congress)","contentType":"data/various-formats","filesize":0,"description":"","storageIdentifier":"","rootDataFileId":-1,"md5":"","checksum":{"type":"MD5","value":""}}},{"description":"","label":"House (44th Congress)","restricted":false,"version":1,"datasetVersionId":37084,"dataFile":{"id":2624257,"persistentId":"","pidURL":"","filename":"House (44th Congress)","contentType":"data/various-formats","filesize":0,"description":"","storageIdentifier":"","rootDataFileId":-1,"md5":"","checksum":{"type":"MD5","value":""}}},{"description":"","label":"House (45th Congress)","restricted":false,"version":1,"datasetVersionId":37084,"dataFile":{"id":2624259,"persistentId":"","pidURL":"","filename":"House (45th Congress)","contentType":"data/various-formats","filesize":0,"description":"","storageIdentifier":"","rootDataFileId":-1,"md5":"","checksum":{"type":"MD5","value":""}}},{"description":"","label":"House (46th Congress)","restricted":false,"version":1,"datasetVersionId":37084,"dataFile":{"id":2624261,"persistentId":"","pidURL":"","filename":"House (46th Congress)","contentType":"data/various-formats","filesize":0,"description":"","storageIdentifier":"","rootDataFileId":-1,"md5":"","checksum":{"type":"MD5","value":""}}},{"description":"","label":"House (47th Congress)","restricted":false,"version":1,"datasetVersionId":37084,"dataFile":{"id":2624263,"persistentId":"","pidURL":"","filename":"House (47th Congress)","contentType":"data/various-formats","filesize":0,"description":"","storageIdentifier":"","rootDataFileId":-1,"md5":"","checksum":{"type":"MD5","value":""}}},{"description":"","label":"House (48th Congress)","restricted":false,"version":1,"datasetVersionId":37084,"dataFile":{"id":2624265,"persistentId":"","pidURL":"","filename":"House (48th Congress)","contentType":"data/various-formats","filesize":0,"description":"","storageIdentifier":"","rootDataFileId":-1,"md5":"","checksum":{"type":"MD5","value":""}}},{"description":"","label":"House (49th Congress)","restricted":false,"version":1,"datasetVersionId":37084,"dataFile":{"id":2624267,"persistentId":"","pidURL":"","filename":"House (49th Congress)","contentType":"data/various-formats","filesize":0,"description":"","storageIdentifier":"","rootDataFileId":-1,"md5":"","checksum":{"type":"MD5","value":""}}},{"description":"","label":"House (4th Congress)","restricted":false,"version":1,"datasetVersionId":37084,"dataFile":{"id":2624177,"persistentId":"","pidURL":"","filename":"House (4th Congress)","contentType":"data/various-formats","filesize":0,"description":"","storageIdentifier":"","rootDataFileId":-1,"md5":"","checksum":{"type":"MD5","value":""}}},{"description":"","label":"House (50th Congress)","restricted":false,"version":1,"datasetVersionId":37084,"dataFile":{"id":2624269,"persistentId":"","pidURL":"","filename":"House (50th Congress)","contentType":"data/various-formats","filesize":0,"description":"","storageIdentifier":"","rootDataFileId":-1,"md5":"","checksum":{"type":"MD5","value":""}}},{"description":"","label":"House (51st Congress)","restricted":false,"version":1,"datasetVersionId":37084,"dataFile":{"id":2624271,"persistentId":"","pidURL":"","filename":"House (51st Congress)","contentType":"data/various-formats","filesize":0,"description":"","storageIdentifier":"","rootDataFileId":-1,"md5":"","checksum":{"type":"MD5","value":""}}},{"description":"","label":"House (52nd Congress)","restricted":false,"version":1,"datasetVersionId":37084,"dataFile":{"id":2624273,"persistentId":"","pidURL":"","filename":"House (52nd Congress)","contentType":"data/various-formats","filesize":0,"description":"","storageIdentifier":"","rootDataFileId":-1,"md5":"","checksum":{"type":"MD5","value":""}}},{"description":"","label":"House (53rd Congress)","restricted":false,"version":1,"datasetVersionId":37084,"dataFile":{"id":2624275,"persistentId":"","pidURL":"","filename":"House (53rd Congress)","contentType":"data/various-formats","filesize":0,"description":"","storageIdentifier":"","rootDataFileId":-1,"md5":"","checksum":{"type":"MD5","value":""}}},{"description":"","label":"House (54th Congress)","restricted":false,"version":1,"datasetVersionId":37084,"dataFile":{"id":2624277,"persistentId":"","pidURL":"","filename":"House (54th Congress)","contentType":"data/various-formats","filesize":0,"description":"","storageIdentifier":"","rootDataFileId":-1,"md5":"","checksum":{"type":"MD5","value":""}}},{"description":"","label":"House (55th Congress)","restricted":false,"version":1,"datasetVersionId":37084,"dataFile":{"id":2624279,"persistentId":"","pidURL":"","filename":"House (55th Congress)","contentType":"data/various-formats","filesize":0,"description":"","storageIdentifier":"","rootDataFileId":-1,"md5":"","checksum":{"type":"MD5","value":""}}},{"description":"","label":"House (56th Congress)","restricted":false,"version":1,"datasetVersionId":37084,"dataFile":{"id":2624281,"persistentId":"","pidURL":"","filename":"House (56th Congress)","contentType":"data/various-formats","filesize":0,"description":"","storageIdentifier":"","rootDataFileId":-1,"md5":"","checksum":{"type":"MD5","value":""}}},{"description":"","label":"House (57th Congress)","restricted":false,"version":1,"datasetVersionId":37084,"dataFile":{"id":2624283,"persistentId":"","pidURL":"","filename":"House (57th Congress)","contentType":"data/various-formats","filesize":0,"description":"","storageIdentifier":"","rootDataFileId":-1,"md5":"","checksum":{"type":"MD5","value":""}}},{"description":"","label":"House (58th Congress)","restricted":false,"version":1,"datasetVersionId":37084,"dataFile":{"id":2624285,"persistentId":"","pidURL":"","filename":"House (58th Congress)","contentType":"data/various-formats","filesize":0,"description":"","storageIdentifier":"","rootDataFileId":-1,"md5":"","checksum":{"type":"MD5","value":""}}},{"description":"","label":"House (59th Congress)","restricted":false,"version":1,"datasetVersionId":37084,"dataFile":{"id":2624287,"persistentId":"","pidURL":"","filename":"House (59th Congress)","contentType":"data/various-formats","filesize":0,"description":"","storageIdentifier":"","rootDataFileId":-1,"md5":"","checksum":{"type":"MD5","value":""}}},{"description":"","label":"House (5th Congress)","restricted":false,"version":1,"datasetVersionId":37084,"dataFile":{"id":2624179,"persistentId":"","pidURL":"","filename":"House (5th Congress)","contentType":"data/various-formats","filesize":0,"description":"","storageIdentifier":"","rootDataFileId":-1,"md5":"","checksum":{"type":"MD5","value":""}}},{"description":"","label":"House (60th Congress)","restricted":false,"version":1,"datasetVersionId":37084,"dataFile":{"id":2624289,"persistentId":"","pidURL":"","filename":"House (60th Congress)","contentType":"data/various-formats","filesize":0,"description":"","storageIdentifier":"","rootDataFileId":-1,"md5":"","checksum":{"type":"MD5","value":""}}},{"description":"","label":"House (61st Congress)","restricted":false,"version":1,"datasetVersionId":37084,"dataFile":{"id":2624291,"persistentId":"","pidURL":"","filename":"House (61st Congress)","contentType":"data/various-formats","filesize":0,"description":"","storageIdentifier":"","rootDataFileId":-1,"md5":"","checksum":{"type":"MD5","value":""}}},{"description":"","label":"House (62nd Congress)","restricted":false,"version":1,"datasetVersionId":37084,"dataFile":{"id":2624293,"persistentId":"","pidURL":"","filename":"House (62nd Congress)","contentType":"data/various-formats","filesize":0,"description":"","storageIdentifier":"","rootDataFileId":-1,"md5":"","checksum":{"type":"MD5","value":""}}},{"description":"","label":"House (63rd Congress)","restricted":false,"version":1,"datasetVersionId":37084,"dataFile":{"id":2624295,"persistentId":"","pidURL":"","filename":"House (63rd Congress)","contentType":"data/various-formats","filesize":0,"description":"","storageIdentifier":"","rootDataFileId":-1,"md5":"","checksum":{"type":"MD5","value":""}}},{"description":"","label":"House (64th Congress)","restricted":false,"version":1,"datasetVersionId":37084,"dataFile":{"id":2624297,"persistentId":"","pidURL":"","filename":"House (64th Congress)","contentType":"data/various-formats","filesize":0,"description":"","storageIdentifier":"","rootDataFileId":-1,"md5":"","checksum":{"type":"MD5","value":""}}},{"description":"","label":"House (65th Congress)","restricted":false,"version":1,"datasetVersionId":37084,"dataFile":{"id":2624299,"persistentId":"","pidURL":"","filename":"House (65th Congress)","contentType":"data/various-formats","filesize":0,"description":"","storageIdentifier":"","rootDataFileId":-1,"md5":"","checksum":{"type":"MD5","value":""}}},{"description":"","label":"House (66th Congress)","restricted":false,"version":1,"datasetVersionId":37084,"dataFile":{"id":2624301,"persistentId":"","pidURL":"","filename":"House (66th Congress)","contentType":"data/various-formats","filesize":0,"description":"","storageIdentifier":"","rootDataFileId":-1,"md5":"","checksum":{"type":"MD5","value":""}}},{"description":"","label":"House (67th Congress)","restricted":false,"version":1,"datasetVersionId":37084,"dataFile":{"id":2624303,"persistentId":"","pidURL":"","filename":"House (67th Congress)","contentType":"data/various-formats","filesize":0,"description":"","storageIdentifier":"","rootDataFileId":-1,"md5":"","checksum":{"type":"MD5","value":""}}},{"description":"","label":"House (68th Congress)","restricted":false,"version":1,"datasetVersionId":37084,"dataFile":{"id":2624305,"persistentId":"","pidURL":"","filename":"House (68th Congress)","contentType":"data/various-formats","filesize":0,"description":"","storageIdentifier":"","rootDataFileId":-1,"md5":"","checksum":{"type":"MD5","value":""}}},{"description":"","label":"House (69th Congress)","restricted":false,"version":1,"datasetVersionId":37084,"dataFile":{"id":2624307,"persistentId":"","pidURL":"","filename":"House (69th Congress)","contentType":"data/various-formats","filesize":0,"description":"","storageIdentifier":"","rootDataFileId":-1,"md5":"","checksum":{"type":"MD5","value":""}}},{"description":"","label":"House (6th Congress)","restricted":false,"version":1,"datasetVersionId":37084,"dataFile":{"id":2624181,"persistentId":"","pidURL":"","filename":"House (6th Congress)","contentType":"data/various-formats","filesize":0,"description":"","storageIdentifier":"","rootDataFileId":-1,"md5":"","checksum":{"type":"MD5","value":""}}},{"description":"","label":"House (70th Congress)","restricted":false,"version":1,"datasetVersionId":37084,"dataFile":{"id":2624309,"persistentId":"","pidURL":"","filename":"House (70th Congress)","contentType":"data/various-formats","filesize":0,"description":"","storageIdentifier":"","rootDataFileId":-1,"md5":"","checksum":{"type":"MD5","value":""}}},{"description":"","label":"House (71st Congress)","restricted":false,"version":1,"datasetVersionId":37084,"dataFile":{"id":2624311,"persistentId":"","pidURL":"","filename":"House (71st Congress)","contentType":"data/various-formats","filesize":0,"description":"","storageIdentifier":"","rootDataFileId":-1,"md5":"","checksum":{"type":"MD5","value":""}}},{"description":"","label":"House (72nd Congress)","restricted":false,"version":1,"datasetVersionId":37084,"dataFile":{"id":2624313,"persistentId":"","pidURL":"","filename":"House (72nd Congress)","contentType":"data/various-formats","filesize":0,"description":"","storageIdentifier":"","rootDataFileId":-1,"md5":"","checksum":{"type":"MD5","value":""}}},{"description":"","label":"House (73rd Congress)","restricted":false,"version":1,"datasetVersionId":37084,"dataFile":{"id":2624315,"persistentId":"","pidURL":"","filename":"House (73rd Congress)","contentType":"data/various-formats","filesize":0,"description":"","storageIdentifier":"","rootDataFileId":-1,"md5":"","checksum":{"type":"MD5","value":""}}},{"description":"","label":"House (74th Congress)","restricted":false,"version":1,"datasetVersionId":37084,"dataFile":{"id":2624317,"persistentId":"","pidURL":"","filename":"House (74th Congress)","contentType":"data/various-formats","filesize":0,"description":"","storageIdentifier":"","rootDataFileId":-1,"md5":"","checksum":{"type":"MD5","value":""}}},{"description":"","label":"House (75th Congress)","restricted":false,"version":1,"datasetVersionId":37084,"dataFile":{"id":2624319,"persistentId":"","pidURL":"","filename":"House (75th Congress)","contentType":"data/various-formats","filesize":0,"description":"","storageIdentifier":"","rootDataFileId":-1,"md5":"","checksum":{"type":"MD5","value":""}}},{"description":"","label":"House (76th Congress)","restricted":false,"version":1,"datasetVersionId":37084,"dataFile":{"id":2624321,"persistentId":"","pidURL":"","filename":"House (76th Congress)","contentType":"data/various-formats","filesize":0,"description":"","storageIdentifier":"","rootDataFileId":-1,"md5":"","checksum":{"type":"MD5","value":""}}},{"description":"","label":"House (77th Congress)","restricted":false,"version":1,"datasetVersionId":37084,"dataFile":{"id":2624323,"persistentId":"","pidURL":"","filename":"House (77th Congress)","contentType":"data/various-formats","filesize":0,"description":"","storageIdentifier":"","rootDataFileId":-1,"md5":"","checksum":{"type":"MD5","value":""}}},{"description":"","label":"House (78th Congress)","restricted":false,"version":1,"datasetVersionId":37084,"dataFile":{"id":2624325,"persistentId":"","pidURL":"","filename":"House (78th Congress)","contentType":"data/various-formats","filesize":0,"description":"","storageIdentifier":"","rootDataFileId":-1,"md5":"","checksum":{"type":"MD5","value":""}}},{"description":"","label":"House (79th Congress)","restricted":false,"version":1,"datasetVersionId":37084,"dataFile":{"id":2624327,"persistentId":"","pidURL":"","filename":"House (79th Congress)","contentType":"data/various-formats","filesize":0,"description":"","storageIdentifier":"","rootDataFileId":-1,"md5":"","checksum":{"type":"MD5","value":""}}},{"description":"","label":"House (7th Congress)","restricted":false,"version":1,"datasetVersionId":37084,"dataFile":{"id":2624183,"persistentId":"","pidURL":"","filename":"House (7th Congress)","contentType":"data/various-formats","filesize":0,"description":"","storageIdentifier":"","rootDataFileId":-1,"md5":"","checksum":{"type":"MD5","value":""}}},{"description":"","label":"House (80th Congress)","restricted":false,"version":1,"datasetVersionId":37084,"dataFile":{"id":2624329,"persistentId":"","pidURL":"","filename":"House (80th Congress)","contentType":"data/various-formats","filesize":0,"description":"","storageIdentifier":"","rootDataFileId":-1,"md5":"","checksum":{"type":"MD5","value":""}}},{"description":"","label":"House (81st Congress)","restricted":false,"version":1,"datasetVersionId":37084,"dataFile":{"id":2624331,"persistentId":"","pidURL":"","filename":"House (81st Congress)","contentType":"data/various-formats","filesize":0,"description":"","storageIdentifier":"","rootDataFileId":-1,"md5":"","checksum":{"type":"MD5","value":""}}},{"description":"","label":"House (82nd Congress)","restricted":false,"version":1,"datasetVersionId":37084,"dataFile":{"id":2624333,"persistentId":"","pidURL":"","filename":"House (82nd Congress)","contentType":"data/various-formats","filesize":0,"description":"","storageIdentifier":"","rootDataFileId":-1,"md5":"","checksum":{"type":"MD5","value":""}}},{"description":"","label":"House (83rd Congress)","restricted":false,"version":1,"datasetVersionId":37084,"dataFile":{"id":2624335,"persistentId":"","pidURL":"","filename":"House (83rd Congress)","contentType":"data/various-formats","filesize":0,"description":"","storageIdentifier":"","rootDataFileId":-1,"md5":"","checksum":{"type":"MD5","value":""}}},{"description":"","label":"House (84th Congress)","restricted":false,"version":1,"datasetVersionId":37084,"dataFile":{"id":2624337,"persistentId":"","pidURL":"","filename":"House (84th Congress)","contentType":"data/various-formats","filesize":0,"description":"","storageIdentifier":"","rootDataFileId":-1,"md5":"","checksum":{"type":"MD5","value":""}}},{"description":"","label":"House (85th Congress)","restricted":false,"version":1,"datasetVersionId":37084,"dataFile":{"id":2624339,"persistentId":"","pidURL":"","filename":"House (85th Congress)","contentType":"data/various-formats","filesize":0,"description":"","storageIdentifier":"","rootDataFileId":-1,"md5":"","checksum":{"type":"MD5","value":""}}},{"description":"","label":"House (86th Congress)","restricted":false,"version":1,"datasetVersionId":37084,"dataFile":{"id":2624341,"persistentId":"","pidURL":"","filename":"House (86th Congress)","contentType":"data/various-formats","filesize":0,"description":"","storageIdentifier":"","rootDataFileId":-1,"md5":"","checksum":{"type":"MD5","value":""}}},{"description":"","label":"House (87th Congress)","restricted":false,"version":1,"datasetVersionId":37084,"dataFile":{"id":2624343,"persistentId":"","pidURL":"","filename":"House (87th Congress)","contentType":"data/various-formats","filesize":0,"description":"","storageIdentifier":"","rootDataFileId":-1,"md5":"","checksum":{"type":"MD5","value":""}}},{"description":"","label":"House (88th Congress)","restricted":false,"version":1,"datasetVersionId":37084,"dataFile":{"id":2624345,"persistentId":"","pidURL":"","filename":"House (88th Congress)","contentType":"data/various-formats","filesize":0,"description":"","storageIdentifier":"","rootDataFileId":-1,"md5":"","checksum":{"type":"MD5","value":""}}},{"description":"","label":"House (89th Congress)","restricted":false,"version":1,"datasetVersionId":37084,"dataFile":{"id":2624347,"persistentId":"","pidURL":"","filename":"House (89th Congress)","contentType":"data/various-formats","filesize":0,"description":"","storageIdentifier":"","rootDataFileId":-1,"md5":"","checksum":{"type":"MD5","value":""}}},{"description":"","label":"House (8th Congress)","restricted":false,"version":1,"datasetVersionId":37084,"dataFile":{"id":2624185,"persistentId":"","pidURL":"","filename":"House (8th Congress)","contentType":"data/various-formats","filesize":0,"description":"","storageIdentifier":"","rootDataFileId":-1,"md5":"","checksum":{"type":"MD5","value":""}}},{"description":"","label":"House (90th Congress)","restricted":false,"version":1,"datasetVersionId":37084,"dataFile":{"id":2624349,"persistentId":"","pidURL":"","filename":"House (90th Congress)","contentType":"data/various-formats","filesize":0,"description":"","storageIdentifier":"","rootDataFileId":-1,"md5":"","checksum":{"type":"MD5","value":""}}},{"description":"","label":"House (91st Congress)","restricted":false,"version":1,"datasetVersionId":37084,"dataFile":{"id":2624351,"persistentId":"","pidURL":"","filename":"House (91st Congress)","contentType":"data/various-formats","filesize":0,"description":"","storageIdentifier":"","rootDataFileId":-1,"md5":"","checksum":{"type":"MD5","value":""}}},{"description":"","label":"House (92nd Congress)","restricted":false,"version":1,"datasetVersionId":37084,"dataFile":{"id":2624353,"persistentId":"","pidURL":"","filename":"House (92nd Congress)","contentType":"data/various-formats","filesize":0,"description":"","storageIdentifier":"","rootDataFileId":-1,"md5":"","checksum":{"type":"MD5","value":""}}},{"description":"","label":"House (93rd Congress)","restricted":false,"version":1,"datasetVersionId":37084,"dataFile":{"id":2624355,"persistentId":"","pidURL":"","filename":"House (93rd Congress)","contentType":"data/various-formats","filesize":0,"description":"","storageIdentifier":"","rootDataFileId":-1,"md5":"","checksum":{"type":"MD5","value":""}}},{"description":"","label":"House (94th Congress)","restricted":false,"version":1,"datasetVersionId":37084,"dataFile":{"id":2624357,"persistentId":"","pidURL":"","filename":"House (94th Congress)","contentType":"data/various-formats","filesize":0,"description":"","storageIdentifier":"","rootDataFileId":-1,"md5":"","checksum":{"type":"MD5","value":""}}},{"description":"","label":"House (95th Congress)","restricted":false,"version":1,"datasetVersionId":37084,"dataFile":{"id":2624359,"persistentId":"","pidURL":"","filename":"House (95th Congress)","contentType":"data/various-formats","filesize":0,"description":"","storageIdentifier":"","rootDataFileId":-1,"md5":"","checksum":{"type":"MD5","value":""}}},{"description":"","label":"House (96th Congress)","restricted":false,"version":1,"datasetVersionId":37084,"dataFile":{"id":2624361,"persistentId":"","pidURL":"","filename":"House (96th Congress)","contentType":"data/various-formats","filesize":0,"description":"","storageIdentifier":"","rootDataFileId":-1,"md5":"","checksum":{"type":"MD5","value":""}}},{"description":"","label":"House (97th Congress)","restricted":false,"version":1,"datasetVersionId":37084,"dataFile":{"id":2624363,"persistentId":"","pidURL":"","filename":"House (97th Congress)","contentType":"data/various-formats","filesize":0,"description":"","storageIdentifier":"","rootDataFileId":-1,"md5":"","checksum":{"type":"MD5","value":""}}},{"description":"","label":"House (98th Congress)","restricted":false,"version":1,"datasetVersionId":37084,"dataFile":{"id":2624365,"persistentId":"","pidURL":"","filename":"House (98th Congress)","contentType":"data/various-formats","filesize":0,"description":"","storageIdentifier":"","rootDataFileId":-1,"md5":"","checksum":{"type":"MD5","value":""}}},{"description":"","label":"House (99th Congress)","restricted":false,"version":1,"datasetVersionId":37084,"dataFile":{"id":2624367,"persistentId":"","pidURL":"","filename":"House (99th Congress)","contentType":"data/various-formats","filesize":0,"description":"","storageIdentifier":"","rootDataFileId":-1,"md5":"","checksum":{"type":"MD5","value":""}}},{"description":"","label":"House (9th Congress)","restricted":false,"version":1,"datasetVersionId":37084,"dataFile":{"id":2624187,"persistentId":"","pidURL":"","filename":"House (9th Congress)","contentType":"data/various-formats","filesize":0,"description":"","storageIdentifier":"","rootDataFileId":-1,"md5":"","checksum":{"type":"MD5","value":""}}},{"description":"","label":"List of Member Number, Party ID and State Errata Announced in January 1988","restricted":false,"version":1,"datasetVersionId":37084,"dataFile":{"id":2624382,"persistentId":"","pidURL":"","filename":"List of Member Number, Party ID and State Errata Announced in January 1988","contentType":"data/various-formats","filesize":0,"description":"","storageIdentifier":"","rootDataFileId":-1,"md5":"","checksum":{"type":"MD5","value":""}}},{"description":"","label":"Roll Calls Database SPIRES File Definition","restricted":false,"version":1,"datasetVersionId":37084,"dataFile":{"id":2624383,"persistentId":"","pidURL":"","filename":"Roll Calls Database SPIRES File Definition","contentType":"data/various-formats","filesize":0,"description":"","storageIdentifier":"","rootDataFileId":-1,"md5":"","checksum":{"type":"MD5","value":""}}},{"description":"","label":"Senate (100th Congress)","restricted":false,"version":1,"datasetVersionId":37084,"dataFile":{"id":2624370,"persistentId":"","pidURL":"","filename":"Senate (100th Congress)","contentType":"data/various-formats","filesize":0,"description":"","storageIdentifier":"","rootDataFileId":-1,"md5":"","checksum":{"type":"MD5","value":""}}},{"description":"","label":"Senate (101st Congress)","restricted":false,"version":1,"datasetVersionId":37084,"dataFile":{"id":2624372,"persistentId":"","pidURL":"","filename":"Senate (101st Congress)","contentType":"data/various-formats","filesize":0,"description":"","storageIdentifier":"","rootDataFileId":-1,"md5":"","checksum":{"type":"MD5","value":""}}},{"description":"","label":"Senate (102nd Congress)","restricted":false,"version":1,"datasetVersionId":37084,"dataFile":{"id":2624374,"persistentId":"","pidURL":"","filename":"Senate (102nd Congress)","contentType":"data/various-formats","filesize":0,"description":"","storageIdentifier":"","rootDataFileId":-1,"md5":"","checksum":{"type":"MD5","value":""}}},{"description":"","label":"Senate (103rd Congress)","restricted":false,"version":1,"datasetVersionId":37084,"dataFile":{"id":2624376,"persistentId":"","pidURL":"","filename":"Senate (103rd Congress)","contentType":"data/various-formats","filesize":0,"description":"","storageIdentifier":"","rootDataFileId":-1,"md5":"","checksum":{"type":"MD5","value":""}}},{"description":"","label":"Senate (104th Congress)","restricted":false,"version":1,"datasetVersionId":37084,"dataFile":{"id":2624378,"persistentId":"","pidURL":"","filename":"Senate (104th Congress)","contentType":"data/various-formats","filesize":0,"description":"","storageIdentifier":"","rootDataFileId":-1,"md5":"","checksum":{"type":"MD5","value":""}}},{"description":"","label":"Senate (105th Congress)","restricted":false,"version":1,"datasetVersionId":37084,"dataFile":{"id":2624380,"persistentId":"","pidURL":"","filename":"Senate (105th Congress)","contentType":"data/various-formats","filesize":0,"description":"","storageIdentifier":"","rootDataFileId":-1,"md5":"","checksum":{"type":"MD5","value":""}}},{"description":"","label":"Senate (10th Congress)","restricted":false,"version":1,"datasetVersionId":37084,"dataFile":{"id":2624190,"persistentId":"","pidURL":"","filename":"Senate (10th Congress)","contentType":"data/various-formats","filesize":0,"description":"","storageIdentifier":"","rootDataFileId":-1,"md5":"","checksum":{"type":"MD5","value":""}}},{"description":"","label":"Senate (11th Congress)","restricted":false,"version":1,"datasetVersionId":37084,"dataFile":{"id":2624192,"persistentId":"","pidURL":"","filename":"Senate (11th Congress)","contentType":"data/various-formats","filesize":0,"description":"","storageIdentifier":"","rootDataFileId":-1,"md5":"","checksum":{"type":"MD5","value":""}}},{"description":"","label":"Senate (12th Congress)","restricted":false,"version":1,"datasetVersionId":37084,"dataFile":{"id":2624194,"persistentId":"","pidURL":"","filename":"Senate (12th Congress)","contentType":"data/various-formats","filesize":0,"description":"","storageIdentifier":"","rootDataFileId":-1,"md5":"","checksum":{"type":"MD5","value":""}}},{"description":"","label":"Senate (13th Congress)","restricted":false,"version":1,"datasetVersionId":37084,"dataFile":{"id":2624196,"persistentId":"","pidURL":"","filename":"Senate (13th Congress)","contentType":"data/various-formats","filesize":0,"description":"","storageIdentifier":"","rootDataFileId":-1,"md5":"","checksum":{"type":"MD5","value":""}}},{"description":"","label":"Senate (14th Congress)","restricted":false,"version":1,"datasetVersionId":37084,"dataFile":{"id":2624198,"persistentId":"","pidURL":"","filename":"Senate (14th Congress)","contentType":"data/various-formats","filesize":0,"description":"","storageIdentifier":"","rootDataFileId":-1,"md5":"","checksum":{"type":"MD5","value":""}}},{"description":"","label":"Senate (15th Congress)","restricted":false,"version":1,"datasetVersionId":37084,"dataFile":{"id":2624200,"persistentId":"","pidURL":"","filename":"Senate (15th Congress)","contentType":"data/various-formats","filesize":0,"description":"","storageIdentifier":"","rootDataFileId":-1,"md5":"","checksum":{"type":"MD5","value":""}}},{"description":"","label":"Senate (16th Congress)","restricted":false,"version":1,"datasetVersionId":37084,"dataFile":{"id":2624202,"persistentId":"","pidURL":"","filename":"Senate (16th Congress)","contentType":"data/various-formats","filesize":0,"description":"","storageIdentifier":"","rootDataFileId":-1,"md5":"","checksum":{"type":"MD5","value":""}}},{"description":"","label":"Senate (17th Congress)","restricted":false,"version":1,"datasetVersionId":37084,"dataFile":{"id":2624204,"persistentId":"","pidURL":"","filename":"Senate (17th Congress)","contentType":"data/various-formats","filesize":0,"description":"","storageIdentifier":"","rootDataFileId":-1,"md5":"","checksum":{"type":"MD5","value":""}}},{"description":"","label":"Senate (18th Congress)","restricted":false,"version":1,"datasetVersionId":37084,"dataFile":{"id":2624206,"persistentId":"","pidURL":"","filename":"Senate (18th Congress)","contentType":"data/various-formats","filesize":0,"description":"","storageIdentifier":"","rootDataFileId":-1,"md5":"","checksum":{"type":"MD5","value":""}}},{"description":"","label":"Senate (19th Congress)","restricted":false,"version":1,"datasetVersionId":37084,"dataFile":{"id":2624208,"persistentId":"","pidURL":"","filename":"Senate (19th Congress)","contentType":"data/various-formats","filesize":0,"description":"","storageIdentifier":"","rootDataFileId":-1,"md5":"","checksum":{"type":"MD5","value":""}}},{"description":"","label":"Senate (1st Congress)","restricted":false,"version":1,"datasetVersionId":37084,"dataFile":{"id":2624172,"persistentId":"","pidURL":"","filename":"Senate (1st Congress)","contentType":"data/various-formats","filesize":0,"description":"","storageIdentifier":"","rootDataFileId":-1,"md5":"","checksum":{"type":"MD5","value":""}}},{"description":"","label":"Senate (20th Congress)","restricted":false,"version":1,"datasetVersionId":37084,"dataFile":{"id":2624210,"persistentId":"","pidURL":"","filename":"Senate (20th Congress)","contentType":"data/various-formats","filesize":0,"description":"","storageIdentifier":"","rootDataFileId":-1,"md5":"","checksum":{"type":"MD5","value":""}}},{"description":"","label":"Senate (21st Congress)","restricted":false,"version":1,"datasetVersionId":37084,"dataFile":{"id":2624212,"persistentId":"","pidURL":"","filename":"Senate (21st Congress)","contentType":"data/various-formats","filesize":0,"description":"","storageIdentifier":"","rootDataFileId":-1,"md5":"","checksum":{"type":"MD5","value":""}}},{"description":"","label":"Senate (22nd Congress)","restricted":false,"version":1,"datasetVersionId":37084,"dataFile":{"id":2624214,"persistentId":"","pidURL":"","filename":"Senate (22nd Congress)","contentType":"data/various-formats","filesize":0,"description":"","storageIdentifier":"","rootDataFileId":-1,"md5":"","checksum":{"type":"MD5","value":""}}},{"description":"","label":"Senate (23rd Congress)","restricted":false,"version":1,"datasetVersionId":37084,"dataFile":{"id":2624216,"persistentId":"","pidURL":"","filename":"Senate (23rd Congress)","contentType":"data/various-formats","filesize":0,"description":"","storageIdentifier":"","rootDataFileId":-1,"md5":"","checksum":{"type":"MD5","value":""}}},{"description":"","label":"Senate (24th Congress)","restricted":false,"version":1,"datasetVersionId":37084,"dataFile":{"id":2624218,"persistentId":"","pidURL":"","filename":"Senate (24th Congress)","contentType":"data/various-formats","filesize":0,"description":"","storageIdentifier":"","rootDataFileId":-1,"md5":"","checksum":{"type":"MD5","value":""}}},{"description":"","label":"Senate (25th Congress)","restricted":false,"version":1,"datasetVersionId":37084,"dataFile":{"id":2624220,"persistentId":"","pidURL":"","filename":"Senate (25th Congress)","contentType":"data/various-formats","filesize":0,"description":"","storageIdentifier":"","rootDataFileId":-1,"md5":"","checksum":{"type":"MD5","value":""}}},{"description":"","label":"Senate (26th Congress)","restricted":false,"version":1,"datasetVersionId":37084,"dataFile":{"id":2624222,"persistentId":"","pidURL":"","filename":"Senate (26th Congress)","contentType":"data/various-formats","filesize":0,"description":"","storageIdentifier":"","rootDataFileId":-1,"md5":"","checksum":{"type":"MD5","value":""}}},{"description":"","label":"Senate (27th Congress)","restricted":false,"version":1,"datasetVersionId":37084,"dataFile":{"id":2624224,"persistentId":"","pidURL":"","filename":"Senate (27th Congress)","contentType":"data/various-formats","filesize":0,"description":"","storageIdentifier":"","rootDataFileId":-1,"md5":"","checksum":{"type":"MD5","value":""}}},{"description":"","label":"Senate (28th Congress)","restricted":false,"version":1,"datasetVersionId":37084,"dataFile":{"id":2624226,"persistentId":"","pidURL":"","filename":"Senate (28th Congress)","contentType":"data/various-formats","filesize":0,"description":"","storageIdentifier":"","rootDataFileId":-1,"md5":"","checksum":{"type":"MD5","value":""}}},{"description":"","label":"Senate (29th Congress)","restricted":false,"version":1,"datasetVersionId":37084,"dataFile":{"id":2624228,"persistentId":"","pidURL":"","filename":"Senate (29th Congress)","contentType":"data/various-formats","filesize":0,"description":"","storageIdentifier":"","rootDataFileId":-1,"md5":"","checksum":{"type":"MD5","value":""}}},{"description":"","label":"Senate (2nd Congress)","restricted":false,"version":1,"datasetVersionId":37084,"dataFile":{"id":2624174,"persistentId":"","pidURL":"","filename":"Senate (2nd Congress)","contentType":"data/various-formats","filesize":0,"description":"","storageIdentifier":"","rootDataFileId":-1,"md5":"","checksum":{"type":"MD5","value":""}}},{"description":"","label":"Senate (30th Congress)","restricted":false,"version":1,"datasetVersionId":37084,"dataFile":{"id":2624230,"persistentId":"","pidURL":"","filename":"Senate (30th Congress)","contentType":"data/various-formats","filesize":0,"description":"","storageIdentifier":"","rootDataFileId":-1,"md5":"","checksum":{"type":"MD5","value":""}}},{"description":"","label":"Senate (31st Congress)","restricted":false,"version":1,"datasetVersionId":37084,"dataFile":{"id":2624232,"persistentId":"","pidURL":"","filename":"Senate (31st Congress)","contentType":"data/various-formats","filesize":0,"description":"","storageIdentifier":"","rootDataFileId":-1,"md5":"","checksum":{"type":"MD5","value":""}}},{"description":"","label":"Senate (32nd Congress)","restricted":false,"version":1,"datasetVersionId":37084,"dataFile":{"id":2624234,"persistentId":"","pidURL":"","filename":"Senate (32nd Congress)","contentType":"data/various-formats","filesize":0,"description":"","storageIdentifier":"","rootDataFileId":-1,"md5":"","checksum":{"type":"MD5","value":""}}},{"description":"","label":"Senate (33rd Congress)","restricted":false,"version":1,"datasetVersionId":37084,"dataFile":{"id":2624236,"persistentId":"","pidURL":"","filename":"Senate (33rd Congress)","contentType":"data/various-formats","filesize":0,"description":"","storageIdentifier":"","rootDataFileId":-1,"md5":"","checksum":{"type":"MD5","value":""}}},{"description":"","label":"Senate (34th Congress)","restricted":false,"version":1,"datasetVersionId":37084,"dataFile":{"id":2624238,"persistentId":"","pidURL":"","filename":"Senate (34th Congress)","contentType":"data/various-formats","filesize":0,"description":"","storageIdentifier":"","rootDataFileId":-1,"md5":"","checksum":{"type":"MD5","value":""}}},{"description":"","label":"Senate (35th Congress)","restricted":false,"version":1,"datasetVersionId":37084,"dataFile":{"id":2624240,"persistentId":"","pidURL":"","filename":"Senate (35th Congress)","contentType":"data/various-formats","filesize":0,"description":"","storageIdentifier":"","rootDataFileId":-1,"md5":"","checksum":{"type":"MD5","value":""}}},{"description":"","label":"Senate (36th Congress)","restricted":false,"version":1,"datasetVersionId":37084,"dataFile":{"id":2624242,"persistentId":"","pidURL":"","filename":"Senate (36th Congress)","contentType":"data/various-formats","filesize":0,"description":"","storageIdentifier":"","rootDataFileId":-1,"md5":"","checksum":{"type":"MD5","value":""}}},{"description":"","label":"Senate (37th Congress)","restricted":false,"version":1,"datasetVersionId":37084,"dataFile":{"id":2624244,"persistentId":"","pidURL":"","filename":"Senate (37th Congress)","contentType":"data/various-formats","filesize":0,"description":"","storageIdentifier":"","rootDataFileId":-1,"md5":"","checksum":{"type":"MD5","value":""}}},{"description":"","label":"Senate (38th Congress)","restricted":false,"version":1,"datasetVersionId":37084,"dataFile":{"id":2624246,"persistentId":"","pidURL":"","filename":"Senate (38th Congress)","contentType":"data/various-formats","filesize":0,"description":"","storageIdentifier":"","rootDataFileId":-1,"md5":"","checksum":{"type":"MD5","value":""}}},{"description":"","label":"Senate (39th Congress)","restricted":false,"version":1,"datasetVersionId":37084,"dataFile":{"id":2624248,"persistentId":"","pidURL":"","filename":"Senate (39th Congress)","contentType":"data/various-formats","filesize":0,"description":"","storageIdentifier":"","rootDataFileId":-1,"md5":"","checksum":{"type":"MD5","value":""}}},{"description":"","label":"Senate (3rd Congress)","restricted":false,"version":1,"datasetVersionId":37084,"dataFile":{"id":2624176,"persistentId":"","pidURL":"","filename":"Senate (3rd Congress)","contentType":"data/various-formats","filesize":0,"description":"","storageIdentifier":"","rootDataFileId":-1,"md5":"","checksum":{"type":"MD5","value":""}}},{"description":"","label":"Senate (40th Congress)","restricted":false,"version":1,"datasetVersionId":37084,"dataFile":{"id":2624250,"persistentId":"","pidURL":"","filename":"Senate (40th Congress)","contentType":"data/various-formats","filesize":0,"description":"","storageIdentifier":"","rootDataFileId":-1,"md5":"","checksum":{"type":"MD5","value":""}}},{"description":"","label":"Senate (41st Congress)","restricted":false,"version":1,"datasetVersionId":37084,"dataFile":{"id":2624252,"persistentId":"","pidURL":"","filename":"Senate (41st Congress)","contentType":"data/various-formats","filesize":0,"description":"","storageIdentifier":"","rootDataFileId":-1,"md5":"","checksum":{"type":"MD5","value":""}}},{"description":"","label":"Senate (42nd Congress)","restricted":false,"version":1,"datasetVersionId":37084,"dataFile":{"id":2624254,"persistentId":"","pidURL":"","filename":"Senate (42nd Congress)","contentType":"data/various-formats","filesize":0,"description":"","storageIdentifier":"","rootDataFileId":-1,"md5":"","checksum":{"type":"MD5","value":""}}},{"description":"","label":"Senate (43rd Congress)","restricted":false,"version":1,"datasetVersionId":37084,"dataFile":{"id":2624256,"persistentId":"","pidURL":"","filename":"Senate (43rd Congress)","contentType":"data/various-formats","filesize":0,"description":"","storageIdentifier":"","rootDataFileId":-1,"md5":"","checksum":{"type":"MD5","value":""}}},{"description":"","label":"Senate (44th Congress)","restricted":false,"version":1,"datasetVersionId":37084,"dataFile":{"id":2624258,"persistentId":"","pidURL":"","filename":"Senate (44th Congress)","contentType":"data/various-formats","filesize":0,"description":"","storageIdentifier":"","rootDataFileId":-1,"md5":"","checksum":{"type":"MD5","value":""}}},{"description":"","label":"Senate (45th Congress)","restricted":false,"version":1,"datasetVersionId":37084,"dataFile":{"id":2624260,"persistentId":"","pidURL":"","filename":"Senate (45th Congress)","contentType":"data/various-formats","filesize":0,"description":"","storageIdentifier":"","rootDataFileId":-1,"md5":"","checksum":{"type":"MD5","value":""}}},{"description":"","label":"Senate (46th Congress)","restricted":false,"version":1,"datasetVersionId":37084,"dataFile":{"id":2624262,"persistentId":"","pidURL":"","filename":"Senate (46th Congress)","contentType":"data/various-formats","filesize":0,"description":"","storageIdentifier":"","rootDataFileId":-1,"md5":"","checksum":{"type":"MD5","value":""}}},{"description":"","label":"Senate (47th Congress)","restricted":false,"version":1,"datasetVersionId":37084,"dataFile":{"id":2624264,"persistentId":"","pidURL":"","filename":"Senate (47th Congress)","contentType":"data/various-formats","filesize":0,"description":"","storageIdentifier":"","rootDataFileId":-1,"md5":"","checksum":{"type":"MD5","value":""}}},{"description":"","label":"Senate (48th Congress)","restricted":false,"version":1,"datasetVersionId":37084,"dataFile":{"id":2624266,"persistentId":"","pidURL":"","filename":"Senate (48th Congress)","contentType":"data/various-formats","filesize":0,"description":"","storageIdentifier":"","rootDataFileId":-1,"md5":"","checksum":{"type":"MD5","value":""}}},{"description":"","label":"Senate (49th Congress)","restricted":false,"version":1,"datasetVersionId":37084,"dataFile":{"id":2624268,"persistentId":"","pidURL":"","filename":"Senate (49th Congress)","contentType":"data/various-formats","filesize":0,"description":"","storageIdentifier":"","rootDataFileId":-1,"md5":"","checksum":{"type":"MD5","value":""}}},{"description":"","label":"Senate (4th Congress)","restricted":false,"version":1,"datasetVersionId":37084,"dataFile":{"id":2624178,"persistentId":"","pidURL":"","filename":"Senate (4th Congress)","contentType":"data/various-formats","filesize":0,"description":"","storageIdentifier":"","rootDataFileId":-1,"md5":"","checksum":{"type":"MD5","value":""}}},{"description":"","label":"Senate (50th Congress)","restricted":false,"version":1,"datasetVersionId":37084,"dataFile":{"id":2624270,"persistentId":"","pidURL":"","filename":"Senate (50th Congress)","contentType":"data/various-formats","filesize":0,"description":"","storageIdentifier":"","rootDataFileId":-1,"md5":"","checksum":{"type":"MD5","value":""}}},{"description":"","label":"Senate (51st Congress)","restricted":false,"version":1,"datasetVersionId":37084,"dataFile":{"id":2624272,"persistentId":"","pidURL":"","filename":"Senate (51st Congress)","contentType":"data/various-formats","filesize":0,"description":"","storageIdentifier":"","rootDataFileId":-1,"md5":"","checksum":{"type":"MD5","value":""}}},{"description":"","label":"Senate (52nd Congress)","restricted":false,"version":1,"datasetVersionId":37084,"dataFile":{"id":2624274,"persistentId":"","pidURL":"","filename":"Senate (52nd Congress)","contentType":"data/various-formats","filesize":0,"description":"","storageIdentifier":"","rootDataFileId":-1,"md5":"","checksum":{"type":"MD5","value":""}}},{"description":"","label":"Senate (53rd Congress)","restricted":false,"version":1,"datasetVersionId":37084,"dataFile":{"id":2624276,"persistentId":"","pidURL":"","filename":"Senate (53rd Congress)","contentType":"data/various-formats","filesize":0,"description":"","storageIdentifier":"","rootDataFileId":-1,"md5":"","checksum":{"type":"MD5","value":""}}},{"description":"","label":"Senate (54th Congress)","restricted":false,"version":1,"datasetVersionId":37084,"dataFile":{"id":2624278,"persistentId":"","pidURL":"","filename":"Senate (54th Congress)","contentType":"data/various-formats","filesize":0,"description":"","storageIdentifier":"","rootDataFileId":-1,"md5":"","checksum":{"type":"MD5","value":""}}},{"description":"","label":"Senate (55th Congress)","restricted":false,"version":1,"datasetVersionId":37084,"dataFile":{"id":2624280,"persistentId":"","pidURL":"","filename":"Senate (55th Congress)","contentType":"data/various-formats","filesize":0,"description":"","storageIdentifier":"","rootDataFileId":-1,"md5":"","checksum":{"type":"MD5","value":""}}},{"description":"","label":"Senate (56th Congress)","restricted":false,"version":1,"datasetVersionId":37084,"dataFile":{"id":2624282,"persistentId":"","pidURL":"","filename":"Senate (56th Congress)","contentType":"data/various-formats","filesize":0,"description":"","storageIdentifier":"","rootDataFileId":-1,"md5":"","checksum":{"type":"MD5","value":""}}},{"description":"","label":"Senate (57th Congress)","restricted":false,"version":1,"datasetVersionId":37084,"dataFile":{"id":2624284,"persistentId":"","pidURL":"","filename":"Senate (57th Congress)","contentType":"data/various-formats","filesize":0,"description":"","storageIdentifier":"","rootDataFileId":-1,"md5":"","checksum":{"type":"MD5","value":""}}},{"description":"","label":"Senate (58th Congress)","restricted":false,"version":1,"datasetVersionId":37084,"dataFile":{"id":2624286,"persistentId":"","pidURL":"","filename":"Senate (58th Congress)","contentType":"data/various-formats","filesize":0,"description":"","storageIdentifier":"","rootDataFileId":-1,"md5":"","checksum":{"type":"MD5","value":""}}},{"description":"","label":"Senate (59th Congress)","restricted":false,"version":1,"datasetVersionId":37084,"dataFile":{"id":2624288,"persistentId":"","pidURL":"","filename":"Senate (59th Congress)","contentType":"data/various-formats","filesize":0,"description":"","storageIdentifier":"","rootDataFileId":-1,"md5":"","checksum":{"type":"MD5","value":""}}},{"description":"","label":"Senate (5th Congress)","restricted":false,"version":1,"datasetVersionId":37084,"dataFile":{"id":2624180,"persistentId":"","pidURL":"","filename":"Senate (5th Congress)","contentType":"data/various-formats","filesize":0,"description":"","storageIdentifier":"","rootDataFileId":-1,"md5":"","checksum":{"type":"MD5","value":""}}},{"description":"","label":"Senate (60th Congress)","restricted":false,"version":1,"datasetVersionId":37084,"dataFile":{"id":2624290,"persistentId":"","pidURL":"","filename":"Senate (60th Congress)","contentType":"data/various-formats","filesize":0,"description":"","storageIdentifier":"","rootDataFileId":-1,"md5":"","checksum":{"type":"MD5","value":""}}},{"description":"","label":"Senate (61st Congress)","restricted":false,"version":1,"datasetVersionId":37084,"dataFile":{"id":2624292,"persistentId":"","pidURL":"","filename":"Senate (61st Congress)","contentType":"data/various-formats","filesize":0,"description":"","storageIdentifier":"","rootDataFileId":-1,"md5":"","checksum":{"type":"MD5","value":""}}},{"description":"","label":"Senate (62nd Congress)","restricted":false,"version":1,"datasetVersionId":37084,"dataFile":{"id":2624294,"persistentId":"","pidURL":"","filename":"Senate (62nd Congress)","contentType":"data/various-formats","filesize":0,"description":"","storageIdentifier":"","rootDataFileId":-1,"md5":"","checksum":{"type":"MD5","value":""}}},{"description":"","label":"Senate (63rd Congress)","restricted":false,"version":1,"datasetVersionId":37084,"dataFile":{"id":2624296,"persistentId":"","pidURL":"","filename":"Senate (63rd Congress)","contentType":"data/various-formats","filesize":0,"description":"","storageIdentifier":"","rootDataFileId":-1,"md5":"","checksum":{"type":"MD5","value":""}}},{"description":"","label":"Senate (64th Congress)","restricted":false,"version":1,"datasetVersionId":37084,"dataFile":{"id":2624298,"persistentId":"","pidURL":"","filename":"Senate (64th Congress)","contentType":"data/various-formats","filesize":0,"description":"","storageIdentifier":"","rootDataFileId":-1,"md5":"","checksum":{"type":"MD5","value":""}}},{"description":"","label":"Senate (65th Congress)","restricted":false,"version":1,"datasetVersionId":37084,"dataFile":{"id":2624300,"persistentId":"","pidURL":"","filename":"Senate (65th Congress)","contentType":"data/various-formats","filesize":0,"description":"","storageIdentifier":"","rootDataFileId":-1,"md5":"","checksum":{"type":"MD5","value":""}}},{"description":"","label":"Senate (66th Congress)","restricted":false,"version":1,"datasetVersionId":37084,"dataFile":{"id":2624302,"persistentId":"","pidURL":"","filename":"Senate (66th Congress)","contentType":"data/various-formats","filesize":0,"description":"","storageIdentifier":"","rootDataFileId":-1,"md5":"","checksum":{"type":"MD5","value":""}}},{"description":"","label":"Senate (67th Congress)","restricted":false,"version":1,"datasetVersionId":37084,"dataFile":{"id":2624304,"persistentId":"","pidURL":"","filename":"Senate (67th Congress)","contentType":"data/various-formats","filesize":0,"description":"","storageIdentifier":"","rootDataFileId":-1,"md5":"","checksum":{"type":"MD5","value":""}}},{"description":"","label":"Senate (68th Congress)","restricted":false,"version":1,"datasetVersionId":37084,"dataFile":{"id":2624306,"persistentId":"","pidURL":"","filename":"Senate (68th Congress)","contentType":"data/various-formats","filesize":0,"description":"","storageIdentifier":"","rootDataFileId":-1,"md5":"","checksum":{"type":"MD5","value":""}}},{"description":"","label":"Senate (69th Congress)","restricted":false,"version":1,"datasetVersionId":37084,"dataFile":{"id":2624308,"persistentId":"","pidURL":"","filename":"Senate (69th Congress)","contentType":"data/various-formats","filesize":0,"description":"","storageIdentifier":"","rootDataFileId":-1,"md5":"","checksum":{"type":"MD5","value":""}}},{"description":"","label":"Senate (6th Congress)","restricted":false,"version":1,"datasetVersionId":37084,"dataFile":{"id":2624182,"persistentId":"","pidURL":"","filename":"Senate (6th Congress)","contentType":"data/various-formats","filesize":0,"description":"","storageIdentifier":"","rootDataFileId":-1,"md5":"","checksum":{"type":"MD5","value":""}}},{"description":"","label":"Senate (70th Congress)","restricted":false,"version":1,"datasetVersionId":37084,"dataFile":{"id":2624310,"persistentId":"","pidURL":"","filename":"Senate (70th Congress)","contentType":"data/various-formats","filesize":0,"description":"","storageIdentifier":"","rootDataFileId":-1,"md5":"","checksum":{"type":"MD5","value":""}}},{"description":"","label":"Senate (71st Congress)","restricted":false,"version":1,"datasetVersionId":37084,"dataFile":{"id":2624312,"persistentId":"","pidURL":"","filename":"Senate (71st Congress)","contentType":"data/various-formats","filesize":0,"description":"","storageIdentifier":"","rootDataFileId":-1,"md5":"","checksum":{"type":"MD5","value":""}}},{"description":"","label":"Senate (72nd Congress)","restricted":false,"version":1,"datasetVersionId":37084,"dataFile":{"id":2624314,"persistentId":"","pidURL":"","filename":"Senate (72nd Congress)","contentType":"data/various-formats","filesize":0,"description":"","storageIdentifier":"","rootDataFileId":-1,"md5":"","checksum":{"type":"MD5","value":""}}},{"description":"","label":"Senate (73rd Congress)","restricted":false,"version":1,"datasetVersionId":37084,"dataFile":{"id":2624316,"persistentId":"","pidURL":"","filename":"Senate (73rd Congress)","contentType":"data/various-formats","filesize":0,"description":"","storageIdentifier":"","rootDataFileId":-1,"md5":"","checksum":{"type":"MD5","value":""}}},{"description":"","label":"Senate (74th Congress)","restricted":false,"version":1,"datasetVersionId":37084,"dataFile":{"id":2624318,"persistentId":"","pidURL":"","filename":"Senate (74th Congress)","contentType":"data/various-formats","filesize":0,"description":"","storageIdentifier":"","rootDataFileId":-1,"md5":"","checksum":{"type":"MD5","value":""}}},{"description":"","label":"Senate (75th Congress)","restricted":false,"version":1,"datasetVersionId":37084,"dataFile":{"id":2624320,"persistentId":"","pidURL":"","filename":"Senate (75th Congress)","contentType":"data/various-formats","filesize":0,"description":"","storageIdentifier":"","rootDataFileId":-1,"md5":"","checksum":{"type":"MD5","value":""}}},{"description":"","label":"Senate (76th Congress)","restricted":false,"version":1,"datasetVersionId":37084,"dataFile":{"id":2624322,"persistentId":"","pidURL":"","filename":"Senate (76th Congress)","contentType":"data/various-formats","filesize":0,"description":"","storageIdentifier":"","rootDataFileId":-1,"md5":"","checksum":{"type":"MD5","value":""}}},{"description":"","label":"Senate (77th Congress)","restricted":false,"version":1,"datasetVersionId":37084,"dataFile":{"id":2624324,"persistentId":"","pidURL":"","filename":"Senate (77th Congress)","contentType":"data/various-formats","filesize":0,"description":"","storageIdentifier":"","rootDataFileId":-1,"md5":"","checksum":{"type":"MD5","value":""}}},{"description":"","label":"Senate (78th Congress)","restricted":false,"version":1,"datasetVersionId":37084,"dataFile":{"id":2624326,"persistentId":"","pidURL":"","filename":"Senate (78th Congress)","contentType":"data/various-formats","filesize":0,"description":"","storageIdentifier":"","rootDataFileId":-1,"md5":"","checksum":{"type":"MD5","value":""}}},{"description":"","label":"Senate (79th Congress)","restricted":false,"version":1,"datasetVersionId":37084,"dataFile":{"id":2624328,"persistentId":"","pidURL":"","filename":"Senate (79th Congress)","contentType":"data/various-formats","filesize":0,"description":"","storageIdentifier":"","rootDataFileId":-1,"md5":"","checksum":{"type":"MD5","value":""}}},{"description":"","label":"Senate (7th Congress)","restricted":false,"version":1,"datasetVersionId":37084,"dataFile":{"id":2624184,"persistentId":"","pidURL":"","filename":"Senate (7th Congress)","contentType":"data/various-formats","filesize":0,"description":"","storageIdentifier":"","rootDataFileId":-1,"md5":"","checksum":{"type":"MD5","value":""}}},{"description":"","label":"Senate (80th Congress)","restricted":false,"version":1,"datasetVersionId":37084,"dataFile":{"id":2624330,"persistentId":"","pidURL":"","filename":"Senate (80th Congress)","contentType":"data/various-formats","filesize":0,"description":"","storageIdentifier":"","rootDataFileId":-1,"md5":"","checksum":{"type":"MD5","value":""}}},{"description":"","label":"Senate (81st Congress)","restricted":false,"version":1,"datasetVersionId":37084,"dataFile":{"id":2624332,"persistentId":"","pidURL":"","filename":"Senate (81st Congress)","contentType":"data/various-formats","filesize":0,"description":"","storageIdentifier":"","rootDataFileId":-1,"md5":"","checksum":{"type":"MD5","value":""}}},{"description":"","label":"Senate (82nd Congress)","restricted":false,"version":1,"datasetVersionId":37084,"dataFile":{"id":2624334,"persistentId":"","pidURL":"","filename":"Senate (82nd Congress)","contentType":"data/various-formats","filesize":0,"description":"","storageIdentifier":"","rootDataFileId":-1,"md5":"","checksum":{"type":"MD5","value":""}}},{"description":"","label":"Senate (83rd Congress)","restricted":false,"version":1,"datasetVersionId":37084,"dataFile":{"id":2624336,"persistentId":"","pidURL":"","filename":"Senate (83rd Congress)","contentType":"data/various-formats","filesize":0,"description":"","storageIdentifier":"","rootDataFileId":-1,"md5":"","checksum":{"type":"MD5","value":""}}},{"description":"","label":"Senate (84th Congress)","restricted":false,"version":1,"datasetVersionId":37084,"dataFile":{"id":2624338,"persistentId":"","pidURL":"","filename":"Senate (84th Congress)","contentType":"data/various-formats","filesize":0,"description":"","storageIdentifier":"","rootDataFileId":-1,"md5":"","checksum":{"type":"MD5","value":""}}},{"description":"","label":"Senate (85th Congress)","restricted":false,"version":1,"datasetVersionId":37084,"dataFile":{"id":2624340,"persistentId":"","pidURL":"","filename":"Senate (85th Congress)","contentType":"data/various-formats","filesize":0,"description":"","storageIdentifier":"","rootDataFileId":-1,"md5":"","checksum":{"type":"MD5","value":""}}},{"description":"","label":"Senate (86th Congress)","restricted":false,"version":1,"datasetVersionId":37084,"dataFile":{"id":2624342,"persistentId":"","pidURL":"","filename":"Senate (86th Congress)","contentType":"data/various-formats","filesize":0,"description":"","storageIdentifier":"","rootDataFileId":-1,"md5":"","checksum":{"type":"MD5","value":""}}},{"description":"","label":"Senate (87th Congress)","restricted":false,"version":1,"datasetVersionId":37084,"dataFile":{"id":2624344,"persistentId":"","pidURL":"","filename":"Senate (87th Congress)","contentType":"data/various-formats","filesize":0,"description":"","storageIdentifier":"","rootDataFileId":-1,"md5":"","checksum":{"type":"MD5","value":""}}},{"description":"","label":"Senate (88th Congress)","restricted":false,"version":1,"datasetVersionId":37084,"dataFile":{"id":2624346,"persistentId":"","pidURL":"","filename":"Senate (88th Congress)","contentType":"data/various-formats","filesize":0,"description":"","storageIdentifier":"","rootDataFileId":-1,"md5":"","checksum":{"type":"MD5","value":""}}},{"description":"","label":"Senate (89th Congress)","restricted":false,"version":1,"datasetVersionId":37084,"dataFile":{"id":2624348,"persistentId":"","pidURL":"","filename":"Senate (89th Congress)","contentType":"data/various-formats","filesize":0,"description":"","storageIdentifier":"","rootDataFileId":-1,"md5":"","checksum":{"type":"MD5","value":""}}},{"description":"","label":"Senate (8th Congress)","restricted":false,"version":1,"datasetVersionId":37084,"dataFile":{"id":2624186,"persistentId":"","pidURL":"","filename":"Senate (8th Congress)","contentType":"data/various-formats","filesize":0,"description":"","storageIdentifier":"","rootDataFileId":-1,"md5":"","checksum":{"type":"MD5","value":""}}},{"description":"","label":"Senate (90th Congress)","restricted":false,"version":1,"datasetVersionId":37084,"dataFile":{"id":2624350,"persistentId":"","pidURL":"","filename":"Senate (90th Congress)","contentType":"data/various-formats","filesize":0,"description":"","storageIdentifier":"","rootDataFileId":-1,"md5":"","checksum":{"type":"MD5","value":""}}},{"description":"","label":"Senate (91st Congress)","restricted":false,"version":1,"datasetVersionId":37084,"dataFile":{"id":2624352,"persistentId":"","pidURL":"","filename":"Senate (91st Congress)","contentType":"data/various-formats","filesize":0,"description":"","storageIdentifier":"","rootDataFileId":-1,"md5":"","checksum":{"type":"MD5","value":""}}},{"description":"","label":"Senate (92nd Congress)","restricted":false,"version":1,"datasetVersionId":37084,"dataFile":{"id":2624354,"persistentId":"","pidURL":"","filename":"Senate (92nd Congress)","contentType":"data/various-formats","filesize":0,"description":"","storageIdentifier":"","rootDataFileId":-1,"md5":"","checksum":{"type":"MD5","value":""}}},{"description":"","label":"Senate (93rd Congress)","restricted":false,"version":1,"datasetVersionId":37084,"dataFile":{"id":2624356,"persistentId":"","pidURL":"","filename":"Senate (93rd Congress)","contentType":"data/various-formats","filesize":0,"description":"","storageIdentifier":"","rootDataFileId":-1,"md5":"","checksum":{"type":"MD5","value":""}}},{"description":"","label":"Senate (94th Congress)","restricted":false,"version":1,"datasetVersionId":37084,"dataFile":{"id":2624358,"persistentId":"","pidURL":"","filename":"Senate (94th Congress)","contentType":"data/various-formats","filesize":0,"description":"","storageIdentifier":"","rootDataFileId":-1,"md5":"","checksum":{"type":"MD5","value":""}}},{"description":"","label":"Senate (95th Congress)","restricted":false,"version":1,"datasetVersionId":37084,"dataFile":{"id":2624360,"persistentId":"","pidURL":"","filename":"Senate (95th Congress)","contentType":"data/various-formats","filesize":0,"description":"","storageIdentifier":"","rootDataFileId":-1,"md5":"","checksum":{"type":"MD5","value":""}}},{"description":"","label":"Senate (96th Congress)","restricted":false,"version":1,"datasetVersionId":37084,"dataFile":{"id":2624362,"persistentId":"","pidURL":"","filename":"Senate (96th Congress)","contentType":"data/various-formats","filesize":0,"description":"","storageIdentifier":"","rootDataFileId":-1,"md5":"","checksum":{"type":"MD5","value":""}}},{"description":"","label":"Senate (97th Congress)","restricted":false,"version":1,"datasetVersionId":37084,"dataFile":{"id":2624364,"persistentId":"","pidURL":"","filename":"Senate (97th Congress)","contentType":"data/various-formats","filesize":0,"description":"","storageIdentifier":"","rootDataFileId":-1,"md5":"","checksum":{"type":"MD5","value":""}}},{"description":"","label":"Senate (98th Congress)","restricted":false,"version":1,"datasetVersionId":37084,"dataFile":{"id":2624366,"persistentId":"","pidURL":"","filename":"Senate (98th Congress)","contentType":"data/various-formats","filesize":0,"description":"","storageIdentifier":"","rootDataFileId":-1,"md5":"","checksum":{"type":"MD5","value":""}}},{"description":"","label":"Senate (99th Congress)","restricted":false,"version":1,"datasetVersionId":37084,"dataFile":{"id":2624368,"persistentId":"","pidURL":"","filename":"Senate (99th Congress)","contentType":"data/various-formats","filesize":0,"description":"","storageIdentifier":"","rootDataFileId":-1,"md5":"","checksum":{"type":"MD5","value":""}}},{"description":"","label":"Senate (9th Congress)","restricted":false,"version":1,"datasetVersionId":37084,"dataFile":{"id":2624188,"persistentId":"","pidURL":"","filename":"Senate (9th Congress)","contentType":"data/various-formats","filesize":0,"description":"","storageIdentifier":"","rootDataFileId":-1,"md5":"","checksum":{"type":"MD5","value":""}}},{"description":"","label":"SPIRES Roll Calls Database Data","restricted":false,"version":1,"datasetVersionId":37084,"dataFile":{"id":2624386,"persistentId":"","pidURL":"","filename":"SPIRES Roll Calls Database Data","contentType":"data/various-formats","filesize":0,"description":"","storageIdentifier":"","rootDataFileId":-1,"md5":"","checksum":{"type":"MD5","value":""}}},{"description":"","label":"SPIRES Roll Calls Database Data Additions and Updates As of September 1, 1987","restricted":false,"version":1,"datasetVersionId":37084,"dataFile":{"id":2624388,"persistentId":"","pidURL":"","filename":"SPIRES Roll Calls Database Data Additions and Updates As of September 1, 1987","contentType":"data/various-formats","filesize":0,"description":"","storageIdentifier":"","rootDataFileId":-1,"md5":"","checksum":{"type":"MD5","value":""}}},{"description":"","label":"SPIRES Roll Calls Database Output Formats","restricted":false,"version":1,"datasetVersionId":37084,"dataFile":{"id":2624387,"persistentId":"","pidURL":"","filename":"SPIRES Roll Calls Database Output Formats","contentType":"data/various-formats","filesize":0,"description":"","storageIdentifier":"","rootDataFileId":-1,"md5":"","checksum":{"type":"MD5","value":""}}},{"description":"","label":"SPIRES Roll Calls Database RCNOTES Information","restricted":false,"version":1,"datasetVersionId":37084,"dataFile":{"id":2624385,"persistentId":"","pidURL":"","filename":"SPIRES Roll Calls Database RCNOTES Information","contentType":"data/various-formats","filesize":0,"description":"","storageIdentifier":"","rootDataFileId":-1,"md5":"","checksum":{"type":"MD5","value":""}}},{"description":"","label":"SPIRES Roll Calls Database RCSETS Information","restricted":false,"version":1,"datasetVersionId":37084,"dataFile":{"id":2624384,"persistentId":"","pidURL":"","filename":"SPIRES Roll Calls Database RCSETS Information","contentType":"data/various-formats","filesize":0,"description":"","storageIdentifier":"","rootDataFileId":-1,"md5":"","checksum":{"type":"MD5","value":""}}}]}}}