{"status":"OK","data":{"id":41714,"identifier":"ICPSR00026.v1","persistentUrl":"https://doi.org/10.3886/ICPSR00026.v1","protocol":"doi","authority":"10.3886","publisher":"Harvard Dataverse","publicationDate":"2015-04-08","storageIdentifier":"file://10.3886/ICPSR00026.v1","latestVersion":{"id":37714,"storageIdentifier":"file://10.3886/ICPSR00026.v1","versionState":"RELEASED","distributionDate":"1984-03-18","productionDate":"Production Date","lastUpdateTime":"2015-04-09T03:48:29Z","releaseTime":"2015-04-09T03:48:29Z","createTime":"2015-04-09T03:48:29Z","license":"NONE","specialPermissions":"Additional special permissions, where applicable, are described in the restrictions field.","conditions":"<p>AVAILABLE.  This study is freely available to ICPSR member institutions.</p>","disclaimer":"The original collector of the data, ICPSR, \t\tand the relevant funding agency bear no responsibility \t\tfor use of the data or for interpretations or inferences \t\tbased upon such uses.","metadataBlocks":{"citation":{"displayName":"Citation Metadata","fields":[{"typeName":"title","multiple":false,"typeClass":"primitive","value":"Comparative Study of Community Power Research, 1920-1964"},{"typeName":"author","multiple":true,"typeClass":"compound","value":[{"authorName":{"typeName":"authorName","multiple":false,"typeClass":"primitive","value":"Gilbert, Claire W."},"authorAffiliation":{"typeName":"authorAffiliation","multiple":false,"typeClass":"primitive","value":"Hunter College"}}]},{"typeName":"datasetContact","multiple":true,"typeClass":"compound","value":[{"datasetContactEmail":{"typeName":"datasetContactEmail","multiple":false,"typeClass":"primitive","value":"N/A"}}]},{"typeName":"dsDescription","multiple":true,"typeClass":"compound","value":[{"dsDescriptionValue":{"typeName":"dsDescriptionValue","multiple":false,"typeClass":"primitive","value":"This study contains data relevant to 166 community power studies conducted from 1920 to 1964.  The goal of the data collection was to afford comparative analyses of these selected communities by any interested future researchers.  Information is provided on the theoretical and methodological apparatus of the research, such as the major data collection techniques and the model of power utilized in the investigation.  Additional information is given for the primary purpose of the research, the number of communities and the mode of entry into the communities studied, the number and scope of issues studied, the level of theoretical rigor, and the replicability of the study. Other variables provide information on the community power structure, formal structure, and characteristics of politics in the communities, such as the type of local government, electoral systems established, forms of formal and informal structures of power, political party dominating local politics, community conflict resolution, sources of innovation, and the place of experts, elite groups, masses, voters, and minorities in the community.  There are also variables that provide information on the type of community and city, city rating, growth of the city, type of relationship between population growth and industrial growth, and population growth rate and population size of the city per square mile. Variables on the economic base of the community include the median income for the city in 1950 and in 1960, and the proportion of the population earning under $2,000 and under $3,000 in 1950, and over $10,000 in 1960.  Demographic variables on the city's residents cover the education of the population in relation to the United States median, the median age from 1950 to 1960, the proportion of the population under 5 years, over 21 years, and under 65 years of age, and the proportion of the population that was non-white in any census year, of mixed parentage in 1960 in (where one parent was of foreign birth), and foreign-born between 1910 and 1960.  Data are also provided on the researchers' sex, educational institutions attended, motivation for the research, and their publications based on the research findings."}}]},{"typeName":"keyword","multiple":true,"typeClass":"compound","value":[{"keywordValue":{"typeName":"keywordValue","multiple":false,"typeClass":"primitive","value":"cities"},"keywordVocabulary":{"typeName":"keywordVocabulary","multiple":false,"typeClass":"primitive","value":"thesaurus"}},{"keywordValue":{"typeName":"keywordValue","multiple":false,"typeClass":"primitive","value":"communities"},"keywordVocabulary":{"typeName":"keywordVocabulary","multiple":false,"typeClass":"primitive","value":"thesaurus"}},{"keywordValue":{"typeName":"keywordValue","multiple":false,"typeClass":"primitive","value":"community decision making"},"keywordVocabulary":{"typeName":"keywordVocabulary","multiple":false,"typeClass":"primitive","value":"thesaurus"}},{"keywordValue":{"typeName":"keywordValue","multiple":false,"typeClass":"primitive","value":"community elites"},"keywordVocabulary":{"typeName":"keywordVocabulary","multiple":false,"typeClass":"primitive","value":"thesaurus"}},{"keywordValue":{"typeName":"keywordValue","multiple":false,"typeClass":"primitive","value":"community participation"},"keywordVocabulary":{"typeName":"keywordVocabulary","multiple":false,"typeClass":"primitive","value":"thesaurus"}},{"keywordValue":{"typeName":"keywordValue","multiple":false,"typeClass":"primitive","value":"community power"},"keywordVocabulary":{"typeName":"keywordVocabulary","multiple":false,"typeClass":"primitive","value":"thesaurus"}},{"keywordValue":{"typeName":"keywordValue","multiple":false,"typeClass":"primitive","value":"electoral systems"},"keywordVocabulary":{"typeName":"keywordVocabulary","multiple":false,"typeClass":"primitive","value":"thesaurus"}},{"keywordValue":{"typeName":"keywordValue","multiple":false,"typeClass":"primitive","value":"income"},"keywordVocabulary":{"typeName":"keywordVocabulary","multiple":false,"typeClass":"primitive","value":"thesaurus"}},{"keywordValue":{"typeName":"keywordValue","multiple":false,"typeClass":"primitive","value":"industrial growth"},"keywordVocabulary":{"typeName":"keywordVocabulary","multiple":false,"typeClass":"primitive","value":"thesaurus"}},{"keywordValue":{"typeName":"keywordValue","multiple":false,"typeClass":"primitive","value":"local government"},"keywordVocabulary":{"typeName":"keywordVocabulary","multiple":false,"typeClass":"primitive","value":"thesaurus"}},{"keywordValue":{"typeName":"keywordValue","multiple":false,"typeClass":"primitive","value":"local politics"},"keywordVocabulary":{"typeName":"keywordVocabulary","multiple":false,"typeClass":"primitive","value":"thesaurus"}},{"keywordValue":{"typeName":"keywordValue","multiple":false,"typeClass":"primitive","value":"minorities"},"keywordVocabulary":{"typeName":"keywordVocabulary","multiple":false,"typeClass":"primitive","value":"thesaurus"}},{"keywordValue":{"typeName":"keywordValue","multiple":false,"typeClass":"primitive","value":"political parties"},"keywordVocabulary":{"typeName":"keywordVocabulary","multiple":false,"typeClass":"primitive","value":"thesaurus"}},{"keywordValue":{"typeName":"keywordValue","multiple":false,"typeClass":"primitive","value":"population growth rate"},"keywordVocabulary":{"typeName":"keywordVocabulary","multiple":false,"typeClass":"primitive","value":"thesaurus"}},{"keywordValue":{"typeName":"keywordValue","multiple":false,"typeClass":"primitive","value":"population size"},"keywordVocabulary":{"typeName":"keywordVocabulary","multiple":false,"typeClass":"primitive","value":"thesaurus"}},{"keywordValue":{"typeName":"keywordValue","multiple":false,"typeClass":"primitive","value":"urban areas"},"keywordVocabulary":{"typeName":"keywordVocabulary","multiple":false,"typeClass":"primitive","value":"thesaurus"}}]},{"typeName":"topicClassification","multiple":true,"typeClass":"compound","value":[{"topicClassValue":{"typeName":"topicClassValue","multiple":false,"typeClass":"primitive","value":"ICPSR II.A.1. Community and Urban Studies, Studies of Local Politics, United States"},"topicClassVocab":{"typeName":"topicClassVocab","multiple":false,"typeClass":"primitive","value":"ICPSR subject classifications"}},{"topicClassValue":{"typeName":"topicClassValue","multiple":false,"typeClass":"primitive","value":"RCMD IX. Minority Populations"},"topicClassVocab":{"typeName":"topicClassVocab","multiple":false,"typeClass":"primitive","value":"RCMD subject classifications"}}]},{"typeName":"notesText","multiple":false,"typeClass":"primitive","value":"Version Date: 2008-03-25Version Text: 2008-03-25 Subject: null  Type: null  Notes: LRECL with SAS and SPSS setup files;Subject: Study Level Error Note, Notes: The data map is provided as an ASCII text file, and the codebook is provided by ICPSR as a Portable Document Format (PDF) file.; Subject: null  Type: null  Notes: Data file(s), and electronic documentation.;"},{"typeName":"grantNumber","multiple":true,"typeClass":"compound","value":[{"grantNumberValue":{"typeName":"grantNumberValue","multiple":false,"typeClass":"primitive","value":"NSF GS-800"}}]},{"typeName":"distributor","multiple":true,"typeClass":"compound","value":[{"distributorName":{"typeName":"distributorName","multiple":false,"typeClass":"primitive","value":"Inter-university Consortium for Political and Social Research"},"distributorAffiliation":{"typeName":"distributorAffiliation","multiple":false,"typeClass":"primitive","value":"Institute for Social Research, University of Michigan"},"distributorAbbreviation":{"typeName":"distributorAbbreviation","multiple":false,"typeClass":"primitive","value":"ICPSR"},"distributorURL":{"typeName":"distributorURL","multiple":false,"typeClass":"primitive","value":"http://www.icpsr.umich.edu/"},"distributorLogoURL":{"typeName":"distributorLogoURL","multiple":false,"typeClass":"primitive","value":"http://www.icpsr.umich.edu/images/icpsr-logo.gif"}}]},{"typeName":"distributionDate","multiple":false,"typeClass":"primitive","value":"1984-03-18"},{"typeName":"timePeriodCovered","multiple":true,"typeClass":"compound","value":[{"timePeriodCoveredStart":{"typeName":"timePeriodCoveredStart","multiple":false,"typeClass":"primitive","value":"1920"},"timePeriodCoveredEnd":{"typeName":"timePeriodCoveredEnd","multiple":false,"typeClass":"primitive","value":"1964"}}]},{"typeName":"kindOfData","multiple":true,"typeClass":"primitive","value":["aggregate data"]},{"typeName":"dataSources","multiple":true,"typeClass":"primitive","value":["13th-16th Censuses of the United States, 1950 Census of   Population, questionnaire by Claire W. Gilbert, and journal articles by  Robert L. Carroll and Howard G. Nelson"]}]},"geospatial":{"displayName":"Geospatial Metadata","fields":[{"typeName":"geographicCoverage","multiple":true,"typeClass":"compound","value":[{"otherGeographicCoverage":{"typeName":"otherGeographicCoverage","multiple":false,"typeClass":"primitive","value":"Please see geographic coverage."}},{"otherGeographicCoverage":{"typeName":"otherGeographicCoverage","multiple":false,"typeClass":"primitive","value":"United States"}}]}]},"socialscience":{"displayName":"Social Science and Humanities Metadata","fields":[{"typeName":"universe","multiple":true,"typeClass":"primitive","value":["A total of 166 communities in the United States."]},{"typeName":"cleaningOperations","multiple":false,"typeClass":"primitive","value":"Checked for undocumented or out-of-range codes."}]}},"files":[{"description":"","label":"Comparative Study of Community Power Research, 1920-1964","restricted":false,"version":1,"datasetVersionId":37714,"dataFile":{"id":2629047,"persistentId":"","pidURL":"","filename":"Comparative Study of Community Power Research, 1920-1964","contentType":"data/various-formats","filesize":0,"description":"","storageIdentifier":"","rootDataFileId":-1,"md5":"","checksum":{"type":"MD5","value":""}}}]}}}