{"status":"OK","data":{"id":39382,"identifier":"ICPSR00012.v1","persistentUrl":"https://doi.org/10.3886/ICPSR00012.v1","protocol":"doi","authority":"10.3886","publisher":"Harvard Dataverse","publicationDate":"2015-04-08","storageIdentifier":"file://10.3886/ICPSR00012.v1","latestVersion":{"id":35382,"storageIdentifier":"file://10.3886/ICPSR00012.v1","versionState":"RELEASED","distributionDate":"1984-06-20","productionDate":"Production Date","lastUpdateTime":"2015-04-09T03:22:51Z","releaseTime":"2015-04-09T03:22:51Z","createTime":"2015-04-09T03:22:51Z","license":"NONE","specialPermissions":"Additional special permissions, where applicable, are described in the restrictions field.","conditions":"<p>AVAILABLE.  This study is freely available to ICPSR member institutions.</p>","disclaimer":"The original collector of the data, ICPSR, \t\tand the relevant funding agency bear no responsibility \t\tfor use of the data or for interpretations or inferences \t\tbased upon such uses.","metadataBlocks":{"citation":{"displayName":"Citation Metadata","fields":[{"typeName":"title","multiple":false,"typeClass":"primitive","value":"County and City Data Books:  1952, 1956, 1962, 1967"},{"typeName":"author","multiple":true,"typeClass":"compound","value":[{"authorName":{"typeName":"authorName","multiple":false,"typeClass":"primitive","value":"United States Department of Commerce. Bureau of the Census"},"authorAffiliation":{"typeName":"authorAffiliation","multiple":false,"typeClass":"primitive","value":"United States Department of Commerce. Bureau of the Census"}}]},{"typeName":"datasetContact","multiple":true,"typeClass":"compound","value":[{"datasetContactEmail":{"typeName":"datasetContactEmail","multiple":false,"typeClass":"primitive","value":"N/A"}}]},{"typeName":"dsDescription","multiple":true,"typeClass":"compound","value":[{"dsDescriptionValue":{"typeName":"dsDescriptionValue","multiple":false,"typeClass":"primitive","value":"Several datasets containing economic, demographic, and   electoral data have been prepared from the County and City Databooks of   1952, 1956, 1962, and 1967 for this file. These data were obtained in   machine-readable form from the Bureau of the Census. The 1952   information is presented only for counties, states, and cities while   for the other three years data are available for counties, states,  cities, SMSAs, and urbanized areas."}}]},{"typeName":"keyword","multiple":true,"typeClass":"compound","value":[{"keywordValue":{"typeName":"keywordValue","multiple":false,"typeClass":"primitive","value":"census data"},"keywordVocabulary":{"typeName":"keywordVocabulary","multiple":false,"typeClass":"primitive","value":"thesaurus"}},{"keywordValue":{"typeName":"keywordValue","multiple":false,"typeClass":"primitive","value":"cities"},"keywordVocabulary":{"typeName":"keywordVocabulary","multiple":false,"typeClass":"primitive","value":"thesaurus"}},{"keywordValue":{"typeName":"keywordValue","multiple":false,"typeClass":"primitive","value":"counties"},"keywordVocabulary":{"typeName":"keywordVocabulary","multiple":false,"typeClass":"primitive","value":"thesaurus"}},{"keywordValue":{"typeName":"keywordValue","multiple":false,"typeClass":"primitive","value":"demographic characteristics"},"keywordVocabulary":{"typeName":"keywordVocabulary","multiple":false,"typeClass":"primitive","value":"thesaurus"}},{"keywordValue":{"typeName":"keywordValue","multiple":false,"typeClass":"primitive","value":"economic conditions"},"keywordVocabulary":{"typeName":"keywordVocabulary","multiple":false,"typeClass":"primitive","value":"thesaurus"}},{"keywordValue":{"typeName":"keywordValue","multiple":false,"typeClass":"primitive","value":"employment"},"keywordVocabulary":{"typeName":"keywordVocabulary","multiple":false,"typeClass":"primitive","value":"thesaurus"}},{"keywordValue":{"typeName":"keywordValue","multiple":false,"typeClass":"primitive","value":"government expenditures"},"keywordVocabulary":{"typeName":"keywordVocabulary","multiple":false,"typeClass":"primitive","value":"thesaurus"}},{"keywordValue":{"typeName":"keywordValue","multiple":false,"typeClass":"primitive","value":"government revenues"},"keywordVocabulary":{"typeName":"keywordVocabulary","multiple":false,"typeClass":"primitive","value":"thesaurus"}},{"keywordValue":{"typeName":"keywordValue","multiple":false,"typeClass":"primitive","value":"household composition"},"keywordVocabulary":{"typeName":"keywordVocabulary","multiple":false,"typeClass":"primitive","value":"thesaurus"}},{"keywordValue":{"typeName":"keywordValue","multiple":false,"typeClass":"primitive","value":"human services"},"keywordVocabulary":{"typeName":"keywordVocabulary","multiple":false,"typeClass":"primitive","value":"thesaurus"}},{"keywordValue":{"typeName":"keywordValue","multiple":false,"typeClass":"primitive","value":"industrial production"},"keywordVocabulary":{"typeName":"keywordVocabulary","multiple":false,"typeClass":"primitive","value":"thesaurus"}},{"keywordValue":{"typeName":"keywordValue","multiple":false,"typeClass":"primitive","value":"labor force"},"keywordVocabulary":{"typeName":"keywordVocabulary","multiple":false,"typeClass":"primitive","value":"thesaurus"}},{"keywordValue":{"typeName":"keywordValue","multiple":false,"typeClass":"primitive","value":"municipal services"},"keywordVocabulary":{"typeName":"keywordVocabulary","multiple":false,"typeClass":"primitive","value":"thesaurus"}},{"keywordValue":{"typeName":"keywordValue","multiple":false,"typeClass":"primitive","value":"population characteristics"},"keywordVocabulary":{"typeName":"keywordVocabulary","multiple":false,"typeClass":"primitive","value":"thesaurus"}},{"keywordValue":{"typeName":"keywordValue","multiple":false,"typeClass":"primitive","value":"states (USA)"},"keywordVocabulary":{"typeName":"keywordVocabulary","multiple":false,"typeClass":"primitive","value":"thesaurus"}},{"keywordValue":{"typeName":"keywordValue","multiple":false,"typeClass":"primitive","value":"voting behavior"},"keywordVocabulary":{"typeName":"keywordVocabulary","multiple":false,"typeClass":"primitive","value":"thesaurus"}}]},{"typeName":"topicClassification","multiple":true,"typeClass":"compound","value":[{"topicClassValue":{"typeName":"topicClassValue","multiple":false,"typeClass":"primitive","value":"ICPSR I.A.4. Census Enumerations: Historical and Contemporary Population Characteristics, United States, Other Census, Including County and City Data Books"},"topicClassVocab":{"typeName":"topicClassVocab","multiple":false,"typeClass":"primitive","value":"ICPSR subject classifications"}},{"topicClassValue":{"typeName":"topicClassValue","multiple":false,"typeClass":"primitive","value":"ICPSR XIV.A.4.a. Mass Political Behavior and Attitudes, Historical and Contemporary Electoral Processes, Merged Electoral and Ecological Data, United States"},"topicClassVocab":{"typeName":"topicClassVocab","multiple":false,"typeClass":"primitive","value":"ICPSR subject classifications"}}]},{"typeName":"notesText","multiple":false,"typeClass":"primitive","value":"Version Date: 1992-02-16Version Text: 1992-02-16 Subject: null  Type: null  Notes: LRECL with SAS and SPSS data definition statements;Subject: Study Level Error Note, Notes: The codebook is provided by ICPSR as a Portable  Document Format (PDF) file. The PDF file format was developed by  Adobe Systems Incorporated and can be accessed using PDF reader  software, such as Adobe Acrobat Reader. Information on how to obtain a copy of the Acrobat Reader is provided on the ICPSR Web site.; Subject: null  Type: null  Notes: Data file(s), and electronic documentation.;"},{"typeName":"distributor","multiple":true,"typeClass":"compound","value":[{"distributorName":{"typeName":"distributorName","multiple":false,"typeClass":"primitive","value":"Inter-university Consortium for Political and Social Research"},"distributorAffiliation":{"typeName":"distributorAffiliation","multiple":false,"typeClass":"primitive","value":"Institute for Social Research, University of Michigan"},"distributorAbbreviation":{"typeName":"distributorAbbreviation","multiple":false,"typeClass":"primitive","value":"ICPSR"},"distributorURL":{"typeName":"distributorURL","multiple":false,"typeClass":"primitive","value":"http://www.icpsr.umich.edu/"},"distributorLogoURL":{"typeName":"distributorLogoURL","multiple":false,"typeClass":"primitive","value":"http://www.icpsr.umich.edu/images/icpsr-logo.gif"}}]},{"typeName":"distributionDate","multiple":false,"typeClass":"primitive","value":"1984-06-20"},{"typeName":"series","multiple":false,"typeClass":"compound","value":{"seriesName":{"typeName":"seriesName","multiple":false,"typeClass":"primitive","value":"County and City Data Book [United States] Series"}}}]},"geospatial":{"displayName":"Geospatial Metadata","fields":[{"typeName":"geographicCoverage","multiple":true,"typeClass":"compound","value":[{"otherGeographicCoverage":{"typeName":"otherGeographicCoverage","multiple":false,"typeClass":"primitive","value":"Please see geographic coverage."}},{"otherGeographicCoverage":{"typeName":"otherGeographicCoverage","multiple":false,"typeClass":"primitive","value":"United States"}}]}]}},"files":[{"description":"","label":"1952 City Data Book","restricted":false,"version":1,"datasetVersionId":35382,"dataFile":{"id":2611751,"persistentId":"","pidURL":"","filename":"1952 City Data Book","contentType":"data/various-formats","filesize":0,"description":"","storageIdentifier":"","rootDataFileId":-1,"md5":"","checksum":{"type":"MD5","value":""}}},{"description":"","label":"1952 County Data Book","restricted":false,"version":1,"datasetVersionId":35382,"dataFile":{"id":2611752,"persistentId":"","pidURL":"","filename":"1952 County Data Book","contentType":"data/various-formats","filesize":0,"description":"","storageIdentifier":"","rootDataFileId":-1,"md5":"","checksum":{"type":"MD5","value":""}}},{"description":"","label":"1956 City Data Book","restricted":false,"version":1,"datasetVersionId":35382,"dataFile":{"id":2611753,"persistentId":"","pidURL":"","filename":"1956 City Data Book","contentType":"data/various-formats","filesize":0,"description":"","storageIdentifier":"","rootDataFileId":-1,"md5":"","checksum":{"type":"MD5","value":""}}},{"description":"","label":"1956 County Data Book","restricted":false,"version":1,"datasetVersionId":35382,"dataFile":{"id":2611755,"persistentId":"","pidURL":"","filename":"1956 County Data Book","contentType":"data/various-formats","filesize":0,"description":"","storageIdentifier":"","rootDataFileId":-1,"md5":"","checksum":{"type":"MD5","value":""}}},{"description":"","label":"1956 SMSA and SEA Data Book","restricted":false,"version":1,"datasetVersionId":35382,"dataFile":{"id":2611754,"persistentId":"","pidURL":"","filename":"1956 SMSA and SEA Data Book","contentType":"data/various-formats","filesize":0,"description":"","storageIdentifier":"","rootDataFileId":-1,"md5":"","checksum":{"type":"MD5","value":""}}},{"description":"","label":"1962 City Data Book","restricted":false,"version":1,"datasetVersionId":35382,"dataFile":{"id":2611756,"persistentId":"","pidURL":"","filename":"1962 City Data Book","contentType":"data/various-formats","filesize":0,"description":"","storageIdentifier":"","rootDataFileId":-1,"md5":"","checksum":{"type":"MD5","value":""}}},{"description":"","label":"1962 County Data Book","restricted":false,"version":1,"datasetVersionId":35382,"dataFile":{"id":2611758,"persistentId":"","pidURL":"","filename":"1962 County Data Book","contentType":"data/various-formats","filesize":0,"description":"","storageIdentifier":"","rootDataFileId":-1,"md5":"","checksum":{"type":"MD5","value":""}}},{"description":"","label":"1962 SMSA Data Book","restricted":false,"version":1,"datasetVersionId":35382,"dataFile":{"id":2611757,"persistentId":"","pidURL":"","filename":"1962 SMSA Data Book","contentType":"data/various-formats","filesize":0,"description":"","storageIdentifier":"","rootDataFileId":-1,"md5":"","checksum":{"type":"MD5","value":""}}},{"description":"","label":"1967 City Data Book","restricted":false,"version":1,"datasetVersionId":35382,"dataFile":{"id":2611759,"persistentId":"","pidURL":"","filename":"1967 City Data Book","contentType":"data/various-formats","filesize":0,"description":"","storageIdentifier":"","rootDataFileId":-1,"md5":"","checksum":{"type":"MD5","value":""}}},{"description":"","label":"1967 County Data Book","restricted":false,"version":1,"datasetVersionId":35382,"dataFile":{"id":2611761,"persistentId":"","pidURL":"","filename":"1967 County Data Book","contentType":"data/various-formats","filesize":0,"description":"","storageIdentifier":"","rootDataFileId":-1,"md5":"","checksum":{"type":"MD5","value":""}}},{"description":"","label":"1967 SMSA Data Book","restricted":false,"version":1,"datasetVersionId":35382,"dataFile":{"id":2611760,"persistentId":"","pidURL":"","filename":"1967 SMSA Data Book","contentType":"data/various-formats","filesize":0,"description":"","storageIdentifier":"","rootDataFileId":-1,"md5":"","checksum":{"type":"MD5","value":""}}},{"description":"","label":"Variable Listing for All Parts","restricted":false,"version":1,"datasetVersionId":35382,"dataFile":{"id":2611762,"persistentId":"","pidURL":"","filename":"Variable Listing for All Parts","contentType":"data/various-formats","filesize":0,"description":"","storageIdentifier":"","rootDataFileId":-1,"md5":"","checksum":{"type":"MD5","value":""}}}]}}}