{"status":"OK","data":{"id":42620,"identifier":"ICPSR00018.v1","persistentUrl":"https://doi.org/10.3886/ICPSR00018.v1","protocol":"doi","authority":"10.3886","publisher":"Harvard Dataverse","publicationDate":"2015-04-08","storageIdentifier":"file://10.3886/ICPSR00018.v1","latestVersion":{"id":38620,"storageIdentifier":"file://10.3886/ICPSR00018.v1","versionState":"RELEASED","distributionDate":"1984-06-28","productionDate":"Production Date","lastUpdateTime":"2015-04-09T03:58:23Z","releaseTime":"2015-04-09T03:58:23Z","createTime":"2015-04-09T03:58:23Z","license":"NONE","specialPermissions":"Additional special permissions, where applicable, are described in the restrictions field.","conditions":"<p>AVAILABLE.  This study is freely available to ICPSR member institutions.</p>","disclaimer":"The original collector of the data, ICPSR, \t\tand the relevant funding agency bear no responsibility \t\tfor use of the data or for interpretations or inferences \t\tbased upon such uses.","metadataBlocks":{"citation":{"displayName":"Citation Metadata","fields":[{"typeName":"title","multiple":false,"typeClass":"primitive","value":"Census of Population and Housing, 1970 [United States]: Public Use Samples"},{"typeName":"author","multiple":true,"typeClass":"compound","value":[{"authorName":{"typeName":"authorName","multiple":false,"typeClass":"primitive","value":"United States Department of Commerce. Bureau of the Census"},"authorAffiliation":{"typeName":"authorAffiliation","multiple":false,"typeClass":"primitive","value":"United States Department of Commerce. Bureau of the Census"}}]},{"typeName":"datasetContact","multiple":true,"typeClass":"compound","value":[{"datasetContactEmail":{"typeName":"datasetContactEmail","multiple":false,"typeClass":"primitive","value":"N/A"}}]},{"typeName":"dsDescription","multiple":true,"typeClass":"compound","value":[{"dsDescriptionValue":{"typeName":"dsDescriptionValue","multiple":false,"typeClass":"primitive","value":"This data collection contains 132 Public Use Microdata Samples (PUMS) files from the 1970 Census of Population and Housing. Information is provided in these files on the housing unit, such as occupancy and vacancy status of house, tenure, value of property, commercial use, year structure was built, number of rooms, availability of plumbing facilities, sewage disposal, bathtub or shower, complete kitchen facilities, flush toilet, water, telephone, and air conditioning. Data are also provided on household characteristics such as the number of persons aged 18 years and younger in the household, the presence of roomers, boarders, or lodgers, the presence of other nonrelative and of relative other than wife or child of head of household, the number of persons per room, the rent paid for unit, and the number of persons with Spanish surnames. Other demographic variables provide information on age, race, marital status, place of birth, state of birth, Puerto Rican heritage, citizenship, education, occupation, employment status, size of family, farm earnings, and family income. This hierarchical data collection contains approximately 214 variables for the 15-percent sample, 227 variables for the 5-percent sample, and 117 variables for the neighborhood characteristics sample."}}]},{"typeName":"keyword","multiple":true,"typeClass":"compound","value":[{"keywordValue":{"typeName":"keywordValue","multiple":false,"typeClass":"primitive","value":"census data"},"keywordVocabulary":{"typeName":"keywordVocabulary","multiple":false,"typeClass":"primitive","value":"thesaurus"}},{"keywordValue":{"typeName":"keywordValue","multiple":false,"typeClass":"primitive","value":"citizenship"},"keywordVocabulary":{"typeName":"keywordVocabulary","multiple":false,"typeClass":"primitive","value":"thesaurus"}},{"keywordValue":{"typeName":"keywordValue","multiple":false,"typeClass":"primitive","value":"demographic characteristics"},"keywordVocabulary":{"typeName":"keywordVocabulary","multiple":false,"typeClass":"primitive","value":"thesaurus"}},{"keywordValue":{"typeName":"keywordValue","multiple":false,"typeClass":"primitive","value":"education"},"keywordVocabulary":{"typeName":"keywordVocabulary","multiple":false,"typeClass":"primitive","value":"thesaurus"}},{"keywordValue":{"typeName":"keywordValue","multiple":false,"typeClass":"primitive","value":"employment"},"keywordVocabulary":{"typeName":"keywordVocabulary","multiple":false,"typeClass":"primitive","value":"thesaurus"}},{"keywordValue":{"typeName":"keywordValue","multiple":false,"typeClass":"primitive","value":"ethnicity"},"keywordVocabulary":{"typeName":"keywordVocabulary","multiple":false,"typeClass":"primitive","value":"thesaurus"}},{"keywordValue":{"typeName":"keywordValue","multiple":false,"typeClass":"primitive","value":"families"},"keywordVocabulary":{"typeName":"keywordVocabulary","multiple":false,"typeClass":"primitive","value":"thesaurus"}},{"keywordValue":{"typeName":"keywordValue","multiple":false,"typeClass":"primitive","value":"household composition"},"keywordVocabulary":{"typeName":"keywordVocabulary","multiple":false,"typeClass":"primitive","value":"thesaurus"}},{"keywordValue":{"typeName":"keywordValue","multiple":false,"typeClass":"primitive","value":"housing"},"keywordVocabulary":{"typeName":"keywordVocabulary","multiple":false,"typeClass":"primitive","value":"thesaurus"}},{"keywordValue":{"typeName":"keywordValue","multiple":false,"typeClass":"primitive","value":"housing conditions"},"keywordVocabulary":{"typeName":"keywordVocabulary","multiple":false,"typeClass":"primitive","value":"thesaurus"}},{"keywordValue":{"typeName":"keywordValue","multiple":false,"typeClass":"primitive","value":"housing units"},"keywordVocabulary":{"typeName":"keywordVocabulary","multiple":false,"typeClass":"primitive","value":"thesaurus"}},{"keywordValue":{"typeName":"keywordValue","multiple":false,"typeClass":"primitive","value":"income"},"keywordVocabulary":{"typeName":"keywordVocabulary","multiple":false,"typeClass":"primitive","value":"thesaurus"}},{"keywordValue":{"typeName":"keywordValue","multiple":false,"typeClass":"primitive","value":"occupational status"},"keywordVocabulary":{"typeName":"keywordVocabulary","multiple":false,"typeClass":"primitive","value":"thesaurus"}},{"keywordValue":{"typeName":"keywordValue","multiple":false,"typeClass":"primitive","value":"occupations"},"keywordVocabulary":{"typeName":"keywordVocabulary","multiple":false,"typeClass":"primitive","value":"thesaurus"}},{"keywordValue":{"typeName":"keywordValue","multiple":false,"typeClass":"primitive","value":"population"},"keywordVocabulary":{"typeName":"keywordVocabulary","multiple":false,"typeClass":"primitive","value":"thesaurus"}},{"keywordValue":{"typeName":"keywordValue","multiple":false,"typeClass":"primitive","value":"population characteristics"},"keywordVocabulary":{"typeName":"keywordVocabulary","multiple":false,"typeClass":"primitive","value":"thesaurus"}},{"keywordValue":{"typeName":"keywordValue","multiple":false,"typeClass":"primitive","value":"states (USA)"},"keywordVocabulary":{"typeName":"keywordVocabulary","multiple":false,"typeClass":"primitive","value":"thesaurus"}}]},{"typeName":"topicClassification","multiple":true,"typeClass":"compound","value":[{"topicClassValue":{"typeName":"topicClassValue","multiple":false,"typeClass":"primitive","value":"ICPSR I.A.1.b. Census Enumerations: Historical and Contemporary Population Characteristics, United States, Decennial Censuses, 1970 Census"},"topicClassVocab":{"typeName":"topicClassVocab","multiple":false,"typeClass":"primitive","value":"ICPSR subject classifications"}},{"topicClassValue":{"typeName":"topicClassValue","multiple":false,"typeClass":"primitive","value":"NACDA I. Demographic Characteristics of Older Adults"},"topicClassVocab":{"typeName":"topicClassVocab","multiple":false,"typeClass":"primitive","value":"NACDA subject classifications"}}]},{"typeName":"notesText","multiple":false,"typeClass":"primitive","value":"Version Date: 1992-02-16Version Text: 1992-02-16 Subject: null  Type: null  Notes: LRECL; Subject: null  Type: null  Notes: Data file(s), and electronic documentation.;"},{"typeName":"distributor","multiple":true,"typeClass":"compound","value":[{"distributorName":{"typeName":"distributorName","multiple":false,"typeClass":"primitive","value":"Inter-university Consortium for Political and Social Research"},"distributorAffiliation":{"typeName":"distributorAffiliation","multiple":false,"typeClass":"primitive","value":"Institute for Social Research, University of Michigan"},"distributorAbbreviation":{"typeName":"distributorAbbreviation","multiple":false,"typeClass":"primitive","value":"ICPSR"},"distributorURL":{"typeName":"distributorURL","multiple":false,"typeClass":"primitive","value":"http://www.icpsr.umich.edu/"},"distributorLogoURL":{"typeName":"distributorLogoURL","multiple":false,"typeClass":"primitive","value":"http://www.icpsr.umich.edu/images/icpsr-logo.gif"}}]},{"typeName":"distributionDate","multiple":false,"typeClass":"primitive","value":"1984-06-28"},{"typeName":"timePeriodCovered","multiple":true,"typeClass":"compound","value":[{"timePeriodCoveredStart":{"typeName":"timePeriodCoveredStart","multiple":false,"typeClass":"primitive","value":"1970"}}]},{"typeName":"dateOfCollection","multiple":true,"typeClass":"compound","value":[{"dateOfCollectionStart":{"typeName":"dateOfCollectionStart","multiple":false,"typeClass":"primitive","value":"1970"}}]},{"typeName":"series","multiple":false,"typeClass":"compound","value":{"seriesName":{"typeName":"seriesName","multiple":false,"typeClass":"primitive","value":"Census of Population and Housing, 1970 [United States] Series"}}},{"typeName":"dataSources","multiple":true,"typeClass":"primitive","value":["self-enumerated questionnaires"]}]},"geospatial":{"displayName":"Geospatial Metadata","fields":[{"typeName":"geographicCoverage","multiple":true,"typeClass":"compound","value":[{"otherGeographicCoverage":{"typeName":"otherGeographicCoverage","multiple":false,"typeClass":"primitive","value":"Please see geographic coverage."}},{"otherGeographicCoverage":{"typeName":"otherGeographicCoverage","multiple":false,"typeClass":"primitive","value":"Alabama"}},{"otherGeographicCoverage":{"typeName":"otherGeographicCoverage","multiple":false,"typeClass":"primitive","value":"Alaska"}},{"otherGeographicCoverage":{"typeName":"otherGeographicCoverage","multiple":false,"typeClass":"primitive","value":"Arizona"}},{"otherGeographicCoverage":{"typeName":"otherGeographicCoverage","multiple":false,"typeClass":"primitive","value":"Arkansas"}},{"otherGeographicCoverage":{"typeName":"otherGeographicCoverage","multiple":false,"typeClass":"primitive","value":"California"}},{"otherGeographicCoverage":{"typeName":"otherGeographicCoverage","multiple":false,"typeClass":"primitive","value":"Colorado"}},{"otherGeographicCoverage":{"typeName":"otherGeographicCoverage","multiple":false,"typeClass":"primitive","value":"Connecticut"}},{"otherGeographicCoverage":{"typeName":"otherGeographicCoverage","multiple":false,"typeClass":"primitive","value":"Delaware"}},{"otherGeographicCoverage":{"typeName":"otherGeographicCoverage","multiple":false,"typeClass":"primitive","value":"District of Columbia"}},{"otherGeographicCoverage":{"typeName":"otherGeographicCoverage","multiple":false,"typeClass":"primitive","value":"Florida"}},{"otherGeographicCoverage":{"typeName":"otherGeographicCoverage","multiple":false,"typeClass":"primitive","value":"Georgia"}},{"otherGeographicCoverage":{"typeName":"otherGeographicCoverage","multiple":false,"typeClass":"primitive","value":"Hawaii"}},{"otherGeographicCoverage":{"typeName":"otherGeographicCoverage","multiple":false,"typeClass":"primitive","value":"Idaho"}},{"otherGeographicCoverage":{"typeName":"otherGeographicCoverage","multiple":false,"typeClass":"primitive","value":"Illinois"}},{"otherGeographicCoverage":{"typeName":"otherGeographicCoverage","multiple":false,"typeClass":"primitive","value":"Indiana"}},{"otherGeographicCoverage":{"typeName":"otherGeographicCoverage","multiple":false,"typeClass":"primitive","value":"Iowa"}},{"otherGeographicCoverage":{"typeName":"otherGeographicCoverage","multiple":false,"typeClass":"primitive","value":"Kansas"}},{"otherGeographicCoverage":{"typeName":"otherGeographicCoverage","multiple":false,"typeClass":"primitive","value":"Kentucky"}},{"otherGeographicCoverage":{"typeName":"otherGeographicCoverage","multiple":false,"typeClass":"primitive","value":"Louisiana"}},{"otherGeographicCoverage":{"typeName":"otherGeographicCoverage","multiple":false,"typeClass":"primitive","value":"Maine"}},{"otherGeographicCoverage":{"typeName":"otherGeographicCoverage","multiple":false,"typeClass":"primitive","value":"Maryland"}},{"otherGeographicCoverage":{"typeName":"otherGeographicCoverage","multiple":false,"typeClass":"primitive","value":"Massachusetts"}},{"otherGeographicCoverage":{"typeName":"otherGeographicCoverage","multiple":false,"typeClass":"primitive","value":"Michigan"}},{"otherGeographicCoverage":{"typeName":"otherGeographicCoverage","multiple":false,"typeClass":"primitive","value":"Minnesota"}},{"otherGeographicCoverage":{"typeName":"otherGeographicCoverage","multiple":false,"typeClass":"primitive","value":"Mississippi"}},{"otherGeographicCoverage":{"typeName":"otherGeographicCoverage","multiple":false,"typeClass":"primitive","value":"Missouri"}},{"otherGeographicCoverage":{"typeName":"otherGeographicCoverage","multiple":false,"typeClass":"primitive","value":"Montana"}},{"otherGeographicCoverage":{"typeName":"otherGeographicCoverage","multiple":false,"typeClass":"primitive","value":"Nebraska"}},{"otherGeographicCoverage":{"typeName":"otherGeographicCoverage","multiple":false,"typeClass":"primitive","value":"Nevada"}},{"otherGeographicCoverage":{"typeName":"otherGeographicCoverage","multiple":false,"typeClass":"primitive","value":"New Hampshire"}},{"otherGeographicCoverage":{"typeName":"otherGeographicCoverage","multiple":false,"typeClass":"primitive","value":"New Jersey"}},{"otherGeographicCoverage":{"typeName":"otherGeographicCoverage","multiple":false,"typeClass":"primitive","value":"New Mexico"}},{"otherGeographicCoverage":{"typeName":"otherGeographicCoverage","multiple":false,"typeClass":"primitive","value":"New York (state)"}},{"otherGeographicCoverage":{"typeName":"otherGeographicCoverage","multiple":false,"typeClass":"primitive","value":"North Carolina"}},{"otherGeographicCoverage":{"typeName":"otherGeographicCoverage","multiple":false,"typeClass":"primitive","value":"North Dakota"}},{"otherGeographicCoverage":{"typeName":"otherGeographicCoverage","multiple":false,"typeClass":"primitive","value":"Ohio"}},{"otherGeographicCoverage":{"typeName":"otherGeographicCoverage","multiple":false,"typeClass":"primitive","value":"Oklahoma"}},{"otherGeographicCoverage":{"typeName":"otherGeographicCoverage","multiple":false,"typeClass":"primitive","value":"Oregon"}},{"otherGeographicCoverage":{"typeName":"otherGeographicCoverage","multiple":false,"typeClass":"primitive","value":"Pennsylvania"}},{"otherGeographicCoverage":{"typeName":"otherGeographicCoverage","multiple":false,"typeClass":"primitive","value":"Puerto Rico"}},{"otherGeographicCoverage":{"typeName":"otherGeographicCoverage","multiple":false,"typeClass":"primitive","value":"Rhode Island"}},{"otherGeographicCoverage":{"typeName":"otherGeographicCoverage","multiple":false,"typeClass":"primitive","value":"South Carolina"}},{"otherGeographicCoverage":{"typeName":"otherGeographicCoverage","multiple":false,"typeClass":"primitive","value":"South Dakota"}},{"otherGeographicCoverage":{"typeName":"otherGeographicCoverage","multiple":false,"typeClass":"primitive","value":"Tennessee"}},{"otherGeographicCoverage":{"typeName":"otherGeographicCoverage","multiple":false,"typeClass":"primitive","value":"Texas"}},{"otherGeographicCoverage":{"typeName":"otherGeographicCoverage","multiple":false,"typeClass":"primitive","value":"United States"}},{"otherGeographicCoverage":{"typeName":"otherGeographicCoverage","multiple":false,"typeClass":"primitive","value":"Utah"}},{"otherGeographicCoverage":{"typeName":"otherGeographicCoverage","multiple":false,"typeClass":"primitive","value":"Vermont"}},{"otherGeographicCoverage":{"typeName":"otherGeographicCoverage","multiple":false,"typeClass":"primitive","value":"Virginia"}},{"otherGeographicCoverage":{"typeName":"otherGeographicCoverage","multiple":false,"typeClass":"primitive","value":"Washington"}},{"otherGeographicCoverage":{"typeName":"otherGeographicCoverage","multiple":false,"typeClass":"primitive","value":"West Virginia"}},{"otherGeographicCoverage":{"typeName":"otherGeographicCoverage","multiple":false,"typeClass":"primitive","value":"Wisconsin"}},{"otherGeographicCoverage":{"typeName":"otherGeographicCoverage","multiple":false,"typeClass":"primitive","value":"Wyoming"}}]}]},"socialscience":{"displayName":"Social Science and Humanities Metadata","fields":[{"typeName":"universe","multiple":true,"typeClass":"primitive","value":["All persons and housing units in the United States in 1970."]},{"typeName":"samplingProcedure","multiple":false,"typeClass":"primitive","value":"Each 1970 Public Use Sample is a representative sample of   the records from the 1970 Census sample questionnaires. The primary   sample size is 1-in-100 or one sample unit (household, vacant unit,   or person in group quarters) for every 100 such units in the   population. Two long-form Census questionnaires were used in the   1970 Census: one for a 15-percent sample of the population, the   other for a 5-percent sample. Of the 1970 samples, three 1/100   samples were drawn from the 15-percent sample data, and three from   the 5-percent sample data, one for each of the three options for   geographic information: (1) county groups, (2) states, and   (3) geographic divisions with neighborhood characteristics. Any  one sample contains only one of these types of information."}]}},"files":[{"description":"","label":"Alabama, Kentucky PUS70114","restricted":false,"version":1,"datasetVersionId":38620,"dataFile":{"id":2638974,"persistentId":"","pidURL":"","filename":"Alabama, Kentucky PUS70114","contentType":"data/various-formats","filesize":0,"description":"","storageIdentifier":"","rootDataFileId":-1,"md5":"","checksum":{"type":"MD5","value":""}}},{"description":"","label":"Alabama, Kentucky PUS70414","restricted":false,"version":1,"datasetVersionId":38620,"dataFile":{"id":2638998,"persistentId":"","pidURL":"","filename":"Alabama, Kentucky PUS70414","contentType":"data/various-formats","filesize":0,"description":"","storageIdentifier":"","rootDataFileId":-1,"md5":"","checksum":{"type":"MD5","value":""}}},{"description":"","label":"Arizona, Colorado, New Mexico PUS70118","restricted":false,"version":1,"datasetVersionId":38620,"dataFile":{"id":2638982,"persistentId":"","pidURL":"","filename":"Arizona, Colorado, New Mexico PUS70118","contentType":"data/various-formats","filesize":0,"description":"","storageIdentifier":"","rootDataFileId":-1,"md5":"","checksum":{"type":"MD5","value":""}}},{"description":"","label":"Arizona, New Mexico, Colorado PUS70418","restricted":false,"version":1,"datasetVersionId":38620,"dataFile":{"id":2639002,"persistentId":"","pidURL":"","filename":"Arizona, New Mexico, Colorado PUS70418","contentType":"data/various-formats","filesize":0,"description":"","storageIdentifier":"","rootDataFileId":-1,"md5":"","checksum":{"type":"MD5","value":""}}},{"description":"","label":"California PUS70120","restricted":false,"version":1,"datasetVersionId":38620,"dataFile":{"id":2638978,"persistentId":"","pidURL":"","filename":"California PUS70120","contentType":"data/various-formats","filesize":0,"description":"","storageIdentifier":"","rootDataFileId":-1,"md5":"","checksum":{"type":"MD5","value":""}}},{"description":"","label":"California PUS70420","restricted":false,"version":1,"datasetVersionId":38620,"dataFile":{"id":2639004,"persistentId":"","pidURL":"","filename":"California PUS70420","contentType":"data/various-formats","filesize":0,"description":"","storageIdentifier":"","rootDataFileId":-1,"md5":"","checksum":{"type":"MD5","value":""}}},{"description":"","label":"Codebook For All Parts","restricted":false,"version":1,"datasetVersionId":38620,"dataFile":{"id":2639074,"persistentId":"","pidURL":"","filename":"Codebook For All Parts","contentType":"data/various-formats","filesize":0,"description":"","storageIdentifier":"","rootDataFileId":-1,"md5":"","checksum":{"type":"MD5","value":""}}},{"description":"","label":"Connecticut, Vermont, New Hampshire, Maine PUS70102","restricted":false,"version":1,"datasetVersionId":38620,"dataFile":{"id":2638965,"persistentId":"","pidURL":"","filename":"Connecticut, Vermont, New Hampshire, Maine PUS70102","contentType":"data/various-formats","filesize":0,"description":"","storageIdentifier":"","rootDataFileId":-1,"md5":"","checksum":{"type":"MD5","value":""}}},{"description":"","label":"Connecticut, Vermont, New Hampshire, Maine PUS70402","restricted":false,"version":1,"datasetVersionId":38620,"dataFile":{"id":2638986,"persistentId":"","pidURL":"","filename":"Connecticut, Vermont, New Hampshire, Maine PUS70402","contentType":"data/various-formats","filesize":0,"description":"","storageIdentifier":"","rootDataFileId":-1,"md5":"","checksum":{"type":"MD5","value":""}}},{"description":"","label":"County Code 01305-01311 PUS70205","restricted":false,"version":1,"datasetVersionId":38620,"dataFile":{"id":2639014,"persistentId":"","pidURL":"","filename":"County Code 01305-01311 PUS70205","contentType":"data/various-formats","filesize":0,"description":"","storageIdentifier":"","rootDataFileId":-1,"md5":"","checksum":{"type":"MD5","value":""}}},{"description":"","label":"County Codes 00101-00408 PUS70201","restricted":false,"version":1,"datasetVersionId":38620,"dataFile":{"id":2639010,"persistentId":"","pidURL":"","filename":"County Codes 00101-00408 PUS70201","contentType":"data/various-formats","filesize":0,"description":"","storageIdentifier":"","rootDataFileId":-1,"md5":"","checksum":{"type":"MD5","value":""}}},{"description":"","label":"County Codes 00101-00408 PUS70501","restricted":false,"version":1,"datasetVersionId":38620,"dataFile":{"id":2639040,"persistentId":"","pidURL":"","filename":"County Codes 00101-00408 PUS70501","contentType":"data/various-formats","filesize":0,"description":"","storageIdentifier":"","rootDataFileId":-1,"md5":"","checksum":{"type":"MD5","value":""}}},{"description":"","label":"County Codes 00409-00604 PUS70202","restricted":false,"version":1,"datasetVersionId":38620,"dataFile":{"id":2639011,"persistentId":"","pidURL":"","filename":"County Codes 00409-00604 PUS70202","contentType":"data/various-formats","filesize":0,"description":"","storageIdentifier":"","rootDataFileId":-1,"md5":"","checksum":{"type":"MD5","value":""}}},{"description":"","label":"County Codes 00409-00604 PUS70502","restricted":false,"version":1,"datasetVersionId":38620,"dataFile":{"id":2639041,"persistentId":"","pidURL":"","filename":"County Codes 00409-00604 PUS70502","contentType":"data/various-formats","filesize":0,"description":"","storageIdentifier":"","rootDataFileId":-1,"md5":"","checksum":{"type":"MD5","value":""}}},{"description":"","label":"County Codes 00701-01102 PUS70203","restricted":false,"version":1,"datasetVersionId":38620,"dataFile":{"id":2639012,"persistentId":"","pidURL":"","filename":"County Codes 00701-01102 PUS70203","contentType":"data/various-formats","filesize":0,"description":"","storageIdentifier":"","rootDataFileId":-1,"md5":"","checksum":{"type":"MD5","value":""}}},{"description":"","label":"County Codes 00701-01102 PUS70503","restricted":false,"version":1,"datasetVersionId":38620,"dataFile":{"id":2639042,"persistentId":"","pidURL":"","filename":"County Codes 00701-01102 PUS70503","contentType":"data/various-formats","filesize":0,"description":"","storageIdentifier":"","rootDataFileId":-1,"md5":"","checksum":{"type":"MD5","value":""}}},{"description":"","label":"County Codes 01201-01304 PUS70204","restricted":false,"version":1,"datasetVersionId":38620,"dataFile":{"id":2639013,"persistentId":"","pidURL":"","filename":"County Codes 01201-01304 PUS70204","contentType":"data/various-formats","filesize":0,"description":"","storageIdentifier":"","rootDataFileId":-1,"md5":"","checksum":{"type":"MD5","value":""}}},{"description":"","label":"County Codes 01201-01304 PUS70504","restricted":false,"version":1,"datasetVersionId":38620,"dataFile":{"id":2639043,"persistentId":"","pidURL":"","filename":"County Codes 01201-01304 PUS70504","contentType":"data/various-formats","filesize":0,"description":"","storageIdentifier":"","rootDataFileId":-1,"md5":"","checksum":{"type":"MD5","value":""}}},{"description":"","label":"County Codes 01305-01311 PUS70505","restricted":false,"version":1,"datasetVersionId":38620,"dataFile":{"id":2639044,"persistentId":"","pidURL":"","filename":"County Codes 01305-01311 PUS70505","contentType":"data/various-formats","filesize":0,"description":"","storageIdentifier":"","rootDataFileId":-1,"md5":"","checksum":{"type":"MD5","value":""}}},{"description":"","label":"County Codes 01312-01405 PUS70206","restricted":false,"version":1,"datasetVersionId":38620,"dataFile":{"id":2639015,"persistentId":"","pidURL":"","filename":"County Codes 01312-01405 PUS70206","contentType":"data/various-formats","filesize":0,"description":"","storageIdentifier":"","rootDataFileId":-1,"md5":"","checksum":{"type":"MD5","value":""}}},{"description":"","label":"County Codes 01312-01405 PUS70506","restricted":false,"version":1,"datasetVersionId":38620,"dataFile":{"id":2639045,"persistentId":"","pidURL":"","filename":"County Codes 01312-01405 PUS70506","contentType":"data/various-formats","filesize":0,"description":"","storageIdentifier":"","rootDataFileId":-1,"md5":"","checksum":{"type":"MD5","value":""}}},{"description":"","label":"County Codes 01406-01505 PUS70207","restricted":false,"version":1,"datasetVersionId":38620,"dataFile":{"id":2639016,"persistentId":"","pidURL":"","filename":"County Codes 01406-01505 PUS70207","contentType":"data/various-formats","filesize":0,"description":"","storageIdentifier":"","rootDataFileId":-1,"md5":"","checksum":{"type":"MD5","value":""}}},{"description":"","label":"County Codes 01406-01505 PUS70507","restricted":false,"version":1,"datasetVersionId":38620,"dataFile":{"id":2639046,"persistentId":"","pidURL":"","filename":"County Codes 01406-01505 PUS70507","contentType":"data/various-formats","filesize":0,"description":"","storageIdentifier":"","rootDataFileId":-1,"md5":"","checksum":{"type":"MD5","value":""}}},{"description":"","label":"County Codes 01601-01701 PUS70208","restricted":false,"version":1,"datasetVersionId":38620,"dataFile":{"id":2639017,"persistentId":"","pidURL":"","filename":"County Codes 01601-01701 PUS70208","contentType":"data/various-formats","filesize":0,"description":"","storageIdentifier":"","rootDataFileId":-1,"md5":"","checksum":{"type":"MD5","value":""}}},{"description":"","label":"County Codes 01601-01701 PUS70508","restricted":false,"version":1,"datasetVersionId":38620,"dataFile":{"id":2639047,"persistentId":"","pidURL":"","filename":"County Codes 01601-01701 PUS70508","contentType":"data/various-formats","filesize":0,"description":"","storageIdentifier":"","rootDataFileId":-1,"md5":"","checksum":{"type":"MD5","value":""}}},{"description":"","label":"County Codes 01801-02304 PUS70209","restricted":false,"version":1,"datasetVersionId":38620,"dataFile":{"id":2639018,"persistentId":"","pidURL":"","filename":"County Codes 01801-02304 PUS70209","contentType":"data/various-formats","filesize":0,"description":"","storageIdentifier":"","rootDataFileId":-1,"md5":"","checksum":{"type":"MD5","value":""}}},{"description":"","label":"County Codes 01801-02304 PUS70509","restricted":false,"version":1,"datasetVersionId":38620,"dataFile":{"id":2639048,"persistentId":"","pidURL":"","filename":"County Codes 01801-02304 PUS70509","contentType":"data/various-formats","filesize":0,"description":"","storageIdentifier":"","rootDataFileId":-1,"md5":"","checksum":{"type":"MD5","value":""}}},{"description":"","label":"County Codes 02401-03203 PUS70210","restricted":false,"version":1,"datasetVersionId":38620,"dataFile":{"id":2639019,"persistentId":"","pidURL":"","filename":"County Codes 02401-03203 PUS70210","contentType":"data/various-formats","filesize":0,"description":"","storageIdentifier":"","rootDataFileId":-1,"md5":"","checksum":{"type":"MD5","value":""}}},{"description":"","label":"County Codes 02401-03203 PUS70510","restricted":false,"version":1,"datasetVersionId":38620,"dataFile":{"id":2639049,"persistentId":"","pidURL":"","filename":"County Codes 02401-03203 PUS70510","contentType":"data/various-formats","filesize":0,"description":"","storageIdentifier":"","rootDataFileId":-1,"md5":"","checksum":{"type":"MD5","value":""}}},{"description":"","label":"County Codes 03301-03901 PUS70211","restricted":false,"version":1,"datasetVersionId":38620,"dataFile":{"id":2639020,"persistentId":"","pidURL":"","filename":"County Codes 03301-03901 PUS70211","contentType":"data/various-formats","filesize":0,"description":"","storageIdentifier":"","rootDataFileId":-1,"md5":"","checksum":{"type":"MD5","value":""}}},{"description":"","label":"County Codes 03301-03901 PUS70511","restricted":false,"version":1,"datasetVersionId":38620,"dataFile":{"id":2639050,"persistentId":"","pidURL":"","filename":"County Codes 03301-03901 PUS70511","contentType":"data/various-formats","filesize":0,"description":"","storageIdentifier":"","rootDataFileId":-1,"md5":"","checksum":{"type":"MD5","value":""}}},{"description":"","label":"County Codes 04001-04402 PUS70212","restricted":false,"version":1,"datasetVersionId":38620,"dataFile":{"id":2639021,"persistentId":"","pidURL":"","filename":"County Codes 04001-04402 PUS70212","contentType":"data/various-formats","filesize":0,"description":"","storageIdentifier":"","rootDataFileId":-1,"md5":"","checksum":{"type":"MD5","value":""}}},{"description":"","label":"County Codes 04001-04402 PUS70512","restricted":false,"version":1,"datasetVersionId":38620,"dataFile":{"id":2639051,"persistentId":"","pidURL":"","filename":"County Codes 04001-04402 PUS70512","contentType":"data/various-formats","filesize":0,"description":"","storageIdentifier":"","rootDataFileId":-1,"md5":"","checksum":{"type":"MD5","value":""}}},{"description":"","label":"County Codes 04501-05102 PUS70213","restricted":false,"version":1,"datasetVersionId":38620,"dataFile":{"id":2639022,"persistentId":"","pidURL":"","filename":"County Codes 04501-05102 PUS70213","contentType":"data/various-formats","filesize":0,"description":"","storageIdentifier":"","rootDataFileId":-1,"md5":"","checksum":{"type":"MD5","value":""}}},{"description":"","label":"County Codes 04501-05102 PUS70513","restricted":false,"version":1,"datasetVersionId":38620,"dataFile":{"id":2639052,"persistentId":"","pidURL":"","filename":"County Codes 04501-05102 PUS70513","contentType":"data/various-formats","filesize":0,"description":"","storageIdentifier":"","rootDataFileId":-1,"md5":"","checksum":{"type":"MD5","value":""}}},{"description":"","label":"County Codes 05201-05902 PUS70214","restricted":false,"version":1,"datasetVersionId":38620,"dataFile":{"id":2639023,"persistentId":"","pidURL":"","filename":"County Codes 05201-05902 PUS70214","contentType":"data/various-formats","filesize":0,"description":"","storageIdentifier":"","rootDataFileId":-1,"md5":"","checksum":{"type":"MD5","value":""}}},{"description":"","label":"County Codes 05201-05902 PUS70514","restricted":false,"version":1,"datasetVersionId":38620,"dataFile":{"id":2639053,"persistentId":"","pidURL":"","filename":"County Codes 05201-05902 PUS70514","contentType":"data/various-formats","filesize":0,"description":"","storageIdentifier":"","rootDataFileId":-1,"md5":"","checksum":{"type":"MD5","value":""}}},{"description":"","label":"County Codes 06001-06303 PUS70215","restricted":false,"version":1,"datasetVersionId":38620,"dataFile":{"id":2639024,"persistentId":"","pidURL":"","filename":"County Codes 06001-06303 PUS70215","contentType":"data/various-formats","filesize":0,"description":"","storageIdentifier":"","rootDataFileId":-1,"md5":"","checksum":{"type":"MD5","value":""}}},{"description":"","label":"County Codes 06001-06303 PUS70515","restricted":false,"version":1,"datasetVersionId":38620,"dataFile":{"id":2639054,"persistentId":"","pidURL":"","filename":"County Codes 06001-06303 PUS70515","contentType":"data/various-formats","filesize":0,"description":"","storageIdentifier":"","rootDataFileId":-1,"md5":"","checksum":{"type":"MD5","value":""}}},{"description":"","label":"County Codes 06304-06601 PUS70216","restricted":false,"version":1,"datasetVersionId":38620,"dataFile":{"id":2639025,"persistentId":"","pidURL":"","filename":"County Codes 06304-06601 PUS70216","contentType":"data/various-formats","filesize":0,"description":"","storageIdentifier":"","rootDataFileId":-1,"md5":"","checksum":{"type":"MD5","value":""}}},{"description":"","label":"County Codes 06304-06601 PUS70516","restricted":false,"version":1,"datasetVersionId":38620,"dataFile":{"id":2639055,"persistentId":"","pidURL":"","filename":"County Codes 06304-06601 PUS70516","contentType":"data/various-formats","filesize":0,"description":"","storageIdentifier":"","rootDataFileId":-1,"md5":"","checksum":{"type":"MD5","value":""}}},{"description":"","label":"County Codes 06602-07102 PUS70217","restricted":false,"version":1,"datasetVersionId":38620,"dataFile":{"id":2639026,"persistentId":"","pidURL":"","filename":"County Codes 06602-07102 PUS70217","contentType":"data/various-formats","filesize":0,"description":"","storageIdentifier":"","rootDataFileId":-1,"md5":"","checksum":{"type":"MD5","value":""}}},{"description":"","label":"County Codes 06602-07102 PUS70517","restricted":false,"version":1,"datasetVersionId":38620,"dataFile":{"id":2639056,"persistentId":"","pidURL":"","filename":"County Codes 06602-07102 PUS70517","contentType":"data/various-formats","filesize":0,"description":"","storageIdentifier":"","rootDataFileId":-1,"md5":"","checksum":{"type":"MD5","value":""}}},{"description":"","label":"County Codes 07201-07205 PUS70218","restricted":false,"version":1,"datasetVersionId":38620,"dataFile":{"id":2639027,"persistentId":"","pidURL":"","filename":"County Codes 07201-07205 PUS70218","contentType":"data/various-formats","filesize":0,"description":"","storageIdentifier":"","rootDataFileId":-1,"md5":"","checksum":{"type":"MD5","value":""}}},{"description":"","label":"County Codes 07201-07205 PUS70518","restricted":false,"version":1,"datasetVersionId":38620,"dataFile":{"id":2639057,"persistentId":"","pidURL":"","filename":"County Codes 07201-07205 PUS70518","contentType":"data/various-formats","filesize":0,"description":"","storageIdentifier":"","rootDataFileId":-1,"md5":"","checksum":{"type":"MD5","value":""}}},{"description":"","label":"County Codes 07206-07901 PUS70219","restricted":false,"version":1,"datasetVersionId":38620,"dataFile":{"id":2639028,"persistentId":"","pidURL":"","filename":"County Codes 07206-07901 PUS70219","contentType":"data/various-formats","filesize":0,"description":"","storageIdentifier":"","rootDataFileId":-1,"md5":"","checksum":{"type":"MD5","value":""}}},{"description":"","label":"County Codes 07206-07901 PUS70519","restricted":false,"version":1,"datasetVersionId":38620,"dataFile":{"id":2639058,"persistentId":"","pidURL":"","filename":"County Codes 07206-07901 PUS70519","contentType":"data/various-formats","filesize":0,"description":"","storageIdentifier":"","rootDataFileId":-1,"md5":"","checksum":{"type":"MD5","value":""}}},{"description":"","label":"County Codes 08001-08901 PUS70220","restricted":false,"version":1,"datasetVersionId":38620,"dataFile":{"id":2639029,"persistentId":"","pidURL":"","filename":"County Codes 08001-08901 PUS70220","contentType":"data/various-formats","filesize":0,"description":"","storageIdentifier":"","rootDataFileId":-1,"md5":"","checksum":{"type":"MD5","value":""}}},{"description":"","label":"County Codes 08001-08901 PUS70520","restricted":false,"version":1,"datasetVersionId":38620,"dataFile":{"id":2639059,"persistentId":"","pidURL":"","filename":"County Codes 08001-08901 PUS70520","contentType":"data/various-formats","filesize":0,"description":"","storageIdentifier":"","rootDataFileId":-1,"md5":"","checksum":{"type":"MD5","value":""}}},{"description":"","label":"County Codes 09001-10001 PUS70221","restricted":false,"version":1,"datasetVersionId":38620,"dataFile":{"id":2639030,"persistentId":"","pidURL":"","filename":"County Codes 09001-10001 PUS70221","contentType":"data/various-formats","filesize":0,"description":"","storageIdentifier":"","rootDataFileId":-1,"md5":"","checksum":{"type":"MD5","value":""}}},{"description":"","label":"County Codes 09001-10001 PUS70521","restricted":false,"version":1,"datasetVersionId":38620,"dataFile":{"id":2639060,"persistentId":"","pidURL":"","filename":"County Codes 09001-10001 PUS70521","contentType":"data/various-formats","filesize":0,"description":"","storageIdentifier":"","rootDataFileId":-1,"md5":"","checksum":{"type":"MD5","value":""}}},{"description":"","label":"County Codes 10101-10603 PUS70222","restricted":false,"version":1,"datasetVersionId":38620,"dataFile":{"id":2639031,"persistentId":"","pidURL":"","filename":"County Codes 10101-10603 PUS70222","contentType":"data/various-formats","filesize":0,"description":"","storageIdentifier":"","rootDataFileId":-1,"md5":"","checksum":{"type":"MD5","value":""}}},{"description":"","label":"County Codes 10101-10603 PUS70522","restricted":false,"version":1,"datasetVersionId":38620,"dataFile":{"id":2639061,"persistentId":"","pidURL":"","filename":"County Codes 10101-10603 PUS70522","contentType":"data/various-formats","filesize":0,"description":"","storageIdentifier":"","rootDataFileId":-1,"md5":"","checksum":{"type":"MD5","value":""}}},{"description":"","label":"County Codes 10701-11502 PUS70223","restricted":false,"version":1,"datasetVersionId":38620,"dataFile":{"id":2639032,"persistentId":"","pidURL":"","filename":"County Codes 10701-11502 PUS70223","contentType":"data/various-formats","filesize":0,"description":"","storageIdentifier":"","rootDataFileId":-1,"md5":"","checksum":{"type":"MD5","value":""}}},{"description":"","label":"County Codes 10701-11502 PUS70523","restricted":false,"version":1,"datasetVersionId":38620,"dataFile":{"id":2639062,"persistentId":"","pidURL":"","filename":"County Codes 10701-11502 PUS70523","contentType":"data/various-formats","filesize":0,"description":"","storageIdentifier":"","rootDataFileId":-1,"md5":"","checksum":{"type":"MD5","value":""}}},{"description":"","label":"County Codes 11601-12402 PUS70224","restricted":false,"version":1,"datasetVersionId":38620,"dataFile":{"id":2639033,"persistentId":"","pidURL":"","filename":"County Codes 11601-12402 PUS70224","contentType":"data/various-formats","filesize":0,"description":"","storageIdentifier":"","rootDataFileId":-1,"md5":"","checksum":{"type":"MD5","value":""}}},{"description":"","label":"County Codes 11601-12402 PUS70524","restricted":false,"version":1,"datasetVersionId":38620,"dataFile":{"id":2639063,"persistentId":"","pidURL":"","filename":"County Codes 11601-12402 PUS70524","contentType":"data/various-formats","filesize":0,"description":"","storageIdentifier":"","rootDataFileId":-1,"md5":"","checksum":{"type":"MD5","value":""}}},{"description":"","label":"County Codes 12501-13001 PUS70225","restricted":false,"version":1,"datasetVersionId":38620,"dataFile":{"id":2639034,"persistentId":"","pidURL":"","filename":"County Codes 12501-13001 PUS70225","contentType":"data/various-formats","filesize":0,"description":"","storageIdentifier":"","rootDataFileId":-1,"md5":"","checksum":{"type":"MD5","value":""}}},{"description":"","label":"County Codes 12501-13001 PUS70525","restricted":false,"version":1,"datasetVersionId":38620,"dataFile":{"id":2639064,"persistentId":"","pidURL":"","filename":"County Codes 12501-13001 PUS70525","contentType":"data/various-formats","filesize":0,"description":"","storageIdentifier":"","rootDataFileId":-1,"md5":"","checksum":{"type":"MD5","value":""}}},{"description":"","label":"County Codes 13101-13601 PUS70226","restricted":false,"version":1,"datasetVersionId":38620,"dataFile":{"id":2639035,"persistentId":"","pidURL":"","filename":"County Codes 13101-13601 PUS70226","contentType":"data/various-formats","filesize":0,"description":"","storageIdentifier":"","rootDataFileId":-1,"md5":"","checksum":{"type":"MD5","value":""}}},{"description":"","label":"County Codes 13101-13601 PUS70526","restricted":false,"version":1,"datasetVersionId":38620,"dataFile":{"id":2639065,"persistentId":"","pidURL":"","filename":"County Codes 13101-13601 PUS70526","contentType":"data/various-formats","filesize":0,"description":"","storageIdentifier":"","rootDataFileId":-1,"md5":"","checksum":{"type":"MD5","value":""}}},{"description":"","label":"County Codes 13701-14201 PUS70227","restricted":false,"version":1,"datasetVersionId":38620,"dataFile":{"id":2639036,"persistentId":"","pidURL":"","filename":"County Codes 13701-14201 PUS70227","contentType":"data/various-formats","filesize":0,"description":"","storageIdentifier":"","rootDataFileId":-1,"md5":"","checksum":{"type":"MD5","value":""}}},{"description":"","label":"County Codes 13701-14201 PUS70527","restricted":false,"version":1,"datasetVersionId":38620,"dataFile":{"id":2639066,"persistentId":"","pidURL":"","filename":"County Codes 13701-14201 PUS70527","contentType":"data/various-formats","filesize":0,"description":"","storageIdentifier":"","rootDataFileId":-1,"md5":"","checksum":{"type":"MD5","value":""}}},{"description":"","label":"County Codes 14301 PUS70228","restricted":false,"version":1,"datasetVersionId":38620,"dataFile":{"id":2639037,"persistentId":"","pidURL":"","filename":"County Codes 14301 PUS70228","contentType":"data/various-formats","filesize":0,"description":"","storageIdentifier":"","rootDataFileId":-1,"md5":"","checksum":{"type":"MD5","value":""}}},{"description":"","label":"County Codes 14301 PUS70528","restricted":false,"version":1,"datasetVersionId":38620,"dataFile":{"id":2639067,"persistentId":"","pidURL":"","filename":"County Codes 14301 PUS70528","contentType":"data/various-formats","filesize":0,"description":"","storageIdentifier":"","rootDataFileId":-1,"md5":"","checksum":{"type":"MD5","value":""}}},{"description":"","label":"County Codes 14302-14601 PUS70229","restricted":false,"version":1,"datasetVersionId":38620,"dataFile":{"id":2639038,"persistentId":"","pidURL":"","filename":"County Codes 14302-14601 PUS70229","contentType":"data/various-formats","filesize":0,"description":"","storageIdentifier":"","rootDataFileId":-1,"md5":"","checksum":{"type":"MD5","value":""}}},{"description":"","label":"County Codes 14302-14601 PUS70529","restricted":false,"version":1,"datasetVersionId":38620,"dataFile":{"id":2639068,"persistentId":"","pidURL":"","filename":"County Codes 14302-14601 PUS70529","contentType":"data/various-formats","filesize":0,"description":"","storageIdentifier":"","rootDataFileId":-1,"md5":"","checksum":{"type":"MD5","value":""}}},{"description":"","label":"County Codes 14701-14902 PUS70230","restricted":false,"version":1,"datasetVersionId":38620,"dataFile":{"id":2639039,"persistentId":"","pidURL":"","filename":"County Codes 14701-14902 PUS70230","contentType":"data/various-formats","filesize":0,"description":"","storageIdentifier":"","rootDataFileId":-1,"md5":"","checksum":{"type":"MD5","value":""}}},{"description":"","label":"County Codes 14701-14902 PUS70530","restricted":false,"version":1,"datasetVersionId":38620,"dataFile":{"id":2639069,"persistentId":"","pidURL":"","filename":"County Codes 14701-14902 PUS70530","contentType":"data/various-formats","filesize":0,"description":"","storageIdentifier":"","rootDataFileId":-1,"md5":"","checksum":{"type":"MD5","value":""}}},{"description":"","label":"Delaware, Maryland, D.C., West Virginia PUS70111","restricted":false,"version":1,"datasetVersionId":38620,"dataFile":{"id":2638971,"persistentId":"","pidURL":"","filename":"Delaware, Maryland, D.C., West Virginia PUS70111","contentType":"data/various-formats","filesize":0,"description":"","storageIdentifier":"","rootDataFileId":-1,"md5":"","checksum":{"type":"MD5","value":""}}},{"description":"","label":"Delaware, Maryland, D.C., West Virginia PUS70411","restricted":false,"version":1,"datasetVersionId":38620,"dataFile":{"id":2638995,"persistentId":"","pidURL":"","filename":"Delaware, Maryland, D.C., West Virginia PUS70411","contentType":"data/various-formats","filesize":0,"description":"","storageIdentifier":"","rootDataFileId":-1,"md5":"","checksum":{"type":"MD5","value":""}}},{"description":"","label":"East North Central PUS70003","restricted":false,"version":1,"datasetVersionId":38620,"dataFile":{"id":2638944,"persistentId":"","pidURL":"","filename":"East North Central PUS70003","contentType":"data/various-formats","filesize":0,"description":"","storageIdentifier":"","rootDataFileId":-1,"md5":"","checksum":{"type":"MD5","value":""}}},{"description":"","label":"East North Central PUS70303","restricted":false,"version":1,"datasetVersionId":38620,"dataFile":{"id":2638953,"persistentId":"","pidURL":"","filename":"East North Central PUS70303","contentType":"data/various-formats","filesize":0,"description":"","storageIdentifier":"","rootDataFileId":-1,"md5":"","checksum":{"type":"MD5","value":""}}},{"description":"","label":"East South Central PUS70006","restricted":false,"version":1,"datasetVersionId":38620,"dataFile":{"id":2638947,"persistentId":"","pidURL":"","filename":"East South Central PUS70006","contentType":"data/various-formats","filesize":0,"description":"","storageIdentifier":"","rootDataFileId":-1,"md5":"","checksum":{"type":"MD5","value":""}}},{"description":"","label":"East South Central PUS70306","restricted":false,"version":1,"datasetVersionId":38620,"dataFile":{"id":2638956,"persistentId":"","pidURL":"","filename":"East South Central PUS70306","contentType":"data/various-formats","filesize":0,"description":"","storageIdentifier":"","rootDataFileId":-1,"md5":"","checksum":{"type":"MD5","value":""}}},{"description":"","label":"Entire United States PUS70040","restricted":false,"version":1,"datasetVersionId":38620,"dataFile":{"id":2638962,"persistentId":"","pidURL":"","filename":"Entire United States PUS70040","contentType":"data/various-formats","filesize":0,"description":"","storageIdentifier":"","rootDataFileId":-1,"md5":"","checksum":{"type":"MD5","value":""}}},{"description":"","label":"Entire United States PUS70050","restricted":false,"version":1,"datasetVersionId":38620,"dataFile":{"id":2638963,"persistentId":"","pidURL":"","filename":"Entire United States PUS70050","contentType":"data/various-formats","filesize":0,"description":"","storageIdentifier":"","rootDataFileId":-1,"md5":"","checksum":{"type":"MD5","value":""}}},{"description":"","label":"Entire United States PUS70140","restricted":false,"version":1,"datasetVersionId":38620,"dataFile":{"id":2639006,"persistentId":"","pidURL":"","filename":"Entire United States PUS70140","contentType":"data/various-formats","filesize":0,"description":"","storageIdentifier":"","rootDataFileId":-1,"md5":"","checksum":{"type":"MD5","value":""}}},{"description":"","label":"Entire United States PUS70150","restricted":false,"version":1,"datasetVersionId":38620,"dataFile":{"id":2639008,"persistentId":"","pidURL":"","filename":"Entire United States PUS70150","contentType":"data/various-formats","filesize":0,"description":"","storageIdentifier":"","rootDataFileId":-1,"md5":"","checksum":{"type":"MD5","value":""}}},{"description":"","label":"Entire United States PUS70240","restricted":false,"version":1,"datasetVersionId":38620,"dataFile":{"id":2639070,"persistentId":"","pidURL":"","filename":"Entire United States PUS70240","contentType":"data/various-formats","filesize":0,"description":"","storageIdentifier":"","rootDataFileId":-1,"md5":"","checksum":{"type":"MD5","value":""}}},{"description":"","label":"Entire United States PUS70250","restricted":false,"version":1,"datasetVersionId":38620,"dataFile":{"id":2639072,"persistentId":"","pidURL":"","filename":"Entire United States PUS70250","contentType":"data/various-formats","filesize":0,"description":"","storageIdentifier":"","rootDataFileId":-1,"md5":"","checksum":{"type":"MD5","value":""}}},{"description":"","label":"Entire United States PUS70340","restricted":false,"version":1,"datasetVersionId":38620,"dataFile":{"id":2638960,"persistentId":"","pidURL":"","filename":"Entire United States PUS70340","contentType":"data/various-formats","filesize":0,"description":"","storageIdentifier":"","rootDataFileId":-1,"md5":"","checksum":{"type":"MD5","value":""}}},{"description":"","label":"Entire United States PUS70350","restricted":false,"version":1,"datasetVersionId":38620,"dataFile":{"id":2638961,"persistentId":"","pidURL":"","filename":"Entire United States PUS70350","contentType":"data/various-formats","filesize":0,"description":"","storageIdentifier":"","rootDataFileId":-1,"md5":"","checksum":{"type":"MD5","value":""}}},{"description":"","label":"Entire United States PUS70440","restricted":false,"version":1,"datasetVersionId":38620,"dataFile":{"id":2639007,"persistentId":"","pidURL":"","filename":"Entire United States PUS70440","contentType":"data/various-formats","filesize":0,"description":"","storageIdentifier":"","rootDataFileId":-1,"md5":"","checksum":{"type":"MD5","value":""}}},{"description":"","label":"Entire United States PUS70450","restricted":false,"version":1,"datasetVersionId":38620,"dataFile":{"id":2639009,"persistentId":"","pidURL":"","filename":"Entire United States PUS70450","contentType":"data/various-formats","filesize":0,"description":"","storageIdentifier":"","rootDataFileId":-1,"md5":"","checksum":{"type":"MD5","value":""}}},{"description":"","label":"Entire United States PUS70540","restricted":false,"version":1,"datasetVersionId":38620,"dataFile":{"id":2639071,"persistentId":"","pidURL":"","filename":"Entire United States PUS70540","contentType":"data/various-formats","filesize":0,"description":"","storageIdentifier":"","rootDataFileId":-1,"md5":"","checksum":{"type":"MD5","value":""}}},{"description":"","label":"Entire United States PUS70550","restricted":false,"version":1,"datasetVersionId":38620,"dataFile":{"id":2639073,"persistentId":"","pidURL":"","filename":"Entire United States PUS70550","contentType":"data/various-formats","filesize":0,"description":"","storageIdentifier":"","rootDataFileId":-1,"md5":"","checksum":{"type":"MD5","value":""}}},{"description":"","label":"Georgia, Florida PUS70113","restricted":false,"version":1,"datasetVersionId":38620,"dataFile":{"id":2638973,"persistentId":"","pidURL":"","filename":"Georgia, Florida PUS70113","contentType":"data/various-formats","filesize":0,"description":"","storageIdentifier":"","rootDataFileId":-1,"md5":"","checksum":{"type":"MD5","value":""}}},{"description":"","label":"Georgia, Florida PUS70413","restricted":false,"version":1,"datasetVersionId":38620,"dataFile":{"id":2638997,"persistentId":"","pidURL":"","filename":"Georgia, Florida PUS70413","contentType":"data/various-formats","filesize":0,"description":"","storageIdentifier":"","rootDataFileId":-1,"md5":"","checksum":{"type":"MD5","value":""}}},{"description":"","label":"Illinois, Indiana, Wisconsin PUS70107","restricted":false,"version":1,"datasetVersionId":38620,"dataFile":{"id":2638979,"persistentId":"","pidURL":"","filename":"Illinois, Indiana, Wisconsin PUS70107","contentType":"data/various-formats","filesize":0,"description":"","storageIdentifier":"","rootDataFileId":-1,"md5":"","checksum":{"type":"MD5","value":""}}},{"description":"","label":"Illinois, Indiana, Wisconsin PUS70407","restricted":false,"version":1,"datasetVersionId":38620,"dataFile":{"id":2638991,"persistentId":"","pidURL":"","filename":"Illinois, Indiana, Wisconsin PUS70407","contentType":"data/various-formats","filesize":0,"description":"","storageIdentifier":"","rootDataFileId":-1,"md5":"","checksum":{"type":"MD5","value":""}}},{"description":"","label":"Iowa, Minnesota PUS70109","restricted":false,"version":1,"datasetVersionId":38620,"dataFile":{"id":2638970,"persistentId":"","pidURL":"","filename":"Iowa, Minnesota PUS70109","contentType":"data/various-formats","filesize":0,"description":"","storageIdentifier":"","rootDataFileId":-1,"md5":"","checksum":{"type":"MD5","value":""}}},{"description":"","label":"Iowa, Minnesota PUS70409","restricted":false,"version":1,"datasetVersionId":38620,"dataFile":{"id":2638993,"persistentId":"","pidURL":"","filename":"Iowa, Minnesota PUS70409","contentType":"data/various-formats","filesize":0,"description":"","storageIdentifier":"","rootDataFileId":-1,"md5":"","checksum":{"type":"MD5","value":""}}},{"description":"","label":"Kansas, Nebraska, North and South Dakota PUS70110","restricted":false,"version":1,"datasetVersionId":38620,"dataFile":{"id":2638981,"persistentId":"","pidURL":"","filename":"Kansas, Nebraska, North and South Dakota PUS70110","contentType":"data/various-formats","filesize":0,"description":"","storageIdentifier":"","rootDataFileId":-1,"md5":"","checksum":{"type":"MD5","value":""}}},{"description":"","label":"Kansas, Nebraska, South and North Dakota PUS70410","restricted":false,"version":1,"datasetVersionId":38620,"dataFile":{"id":2638994,"persistentId":"","pidURL":"","filename":"Kansas, Nebraska, South and North Dakota PUS70410","contentType":"data/various-formats","filesize":0,"description":"","storageIdentifier":"","rootDataFileId":-1,"md5":"","checksum":{"type":"MD5","value":""}}},{"description":"","label":"Louisiana, Oklahoma PUS70117","restricted":false,"version":1,"datasetVersionId":38620,"dataFile":{"id":2638977,"persistentId":"","pidURL":"","filename":"Louisiana, Oklahoma PUS70117","contentType":"data/various-formats","filesize":0,"description":"","storageIdentifier":"","rootDataFileId":-1,"md5":"","checksum":{"type":"MD5","value":""}}},{"description":"","label":"Louisiana, Oklahoma PUS70417","restricted":false,"version":1,"datasetVersionId":38620,"dataFile":{"id":2639001,"persistentId":"","pidURL":"","filename":"Louisiana, Oklahoma PUS70417","contentType":"data/various-formats","filesize":0,"description":"","storageIdentifier":"","rootDataFileId":-1,"md5":"","checksum":{"type":"MD5","value":""}}},{"description":"","label":"Massachusetts, Rhode Island PUS70101","restricted":false,"version":1,"datasetVersionId":38620,"dataFile":{"id":2638964,"persistentId":"","pidURL":"","filename":"Massachusetts, Rhode Island PUS70101","contentType":"data/various-formats","filesize":0,"description":"","storageIdentifier":"","rootDataFileId":-1,"md5":"","checksum":{"type":"MD5","value":""}}},{"description":"","label":"Massachusetts, Rhode Island PUS70401","restricted":false,"version":1,"datasetVersionId":38620,"dataFile":{"id":2638985,"persistentId":"","pidURL":"","filename":"Massachusetts, Rhode Island PUS70401","contentType":"data/various-formats","filesize":0,"description":"","storageIdentifier":"","rootDataFileId":-1,"md5":"","checksum":{"type":"MD5","value":""}}},{"description":"","label":"Michigan PUS70106","restricted":false,"version":1,"datasetVersionId":38620,"dataFile":{"id":2638969,"persistentId":"","pidURL":"","filename":"Michigan PUS70106","contentType":"data/various-formats","filesize":0,"description":"","storageIdentifier":"","rootDataFileId":-1,"md5":"","checksum":{"type":"MD5","value":""}}},{"description":"","label":"Middle Atlantic PUS70002","restricted":false,"version":1,"datasetVersionId":38620,"dataFile":{"id":2638943,"persistentId":"","pidURL":"","filename":"Middle Atlantic PUS70002","contentType":"data/various-formats","filesize":0,"description":"","storageIdentifier":"","rootDataFileId":-1,"md5":"","checksum":{"type":"MD5","value":""}}},{"description":"","label":"Middle Atlantic PUS70302","restricted":false,"version":1,"datasetVersionId":38620,"dataFile":{"id":2638952,"persistentId":"","pidURL":"","filename":"Middle Atlantic PUS70302","contentType":"data/various-formats","filesize":0,"description":"","storageIdentifier":"","rootDataFileId":-1,"md5":"","checksum":{"type":"MD5","value":""}}},{"description":"","label":"Missouri PUS70108","restricted":false,"version":1,"datasetVersionId":38620,"dataFile":{"id":2638980,"persistentId":"","pidURL":"","filename":"Missouri PUS70108","contentType":"data/various-formats","filesize":0,"description":"","storageIdentifier":"","rootDataFileId":-1,"md5":"","checksum":{"type":"MD5","value":""}}},{"description":"","label":"Missouri PUS70408","restricted":false,"version":1,"datasetVersionId":38620,"dataFile":{"id":2638992,"persistentId":"","pidURL":"","filename":"Missouri PUS70408","contentType":"data/various-formats","filesize":0,"description":"","storageIdentifier":"","rootDataFileId":-1,"md5":"","checksum":{"type":"MD5","value":""}}},{"description":"","label":"Montana, Wyoming, Utah, Nevada, Idaho PUS70119","restricted":false,"version":1,"datasetVersionId":38620,"dataFile":{"id":2638983,"persistentId":"","pidURL":"","filename":"Montana, Wyoming, Utah, Nevada, Idaho PUS70119","contentType":"data/various-formats","filesize":0,"description":"","storageIdentifier":"","rootDataFileId":-1,"md5":"","checksum":{"type":"MD5","value":""}}},{"description":"","label":"Montana, Wyoming, Utah, Nevada, Idaho PUS70419","restricted":false,"version":1,"datasetVersionId":38620,"dataFile":{"id":2639003,"persistentId":"","pidURL":"","filename":"Montana, Wyoming, Utah, Nevada, Idaho PUS70419","contentType":"data/various-formats","filesize":0,"description":"","storageIdentifier":"","rootDataFileId":-1,"md5":"","checksum":{"type":"MD5","value":""}}},{"description":"","label":"Mountain PUS70008","restricted":false,"version":1,"datasetVersionId":38620,"dataFile":{"id":2638949,"persistentId":"","pidURL":"","filename":"Mountain PUS70008","contentType":"data/various-formats","filesize":0,"description":"","storageIdentifier":"","rootDataFileId":-1,"md5":"","checksum":{"type":"MD5","value":""}}},{"description":"","label":"Mountain PUS70308","restricted":false,"version":1,"datasetVersionId":38620,"dataFile":{"id":2638958,"persistentId":"","pidURL":"","filename":"Mountain PUS70308","contentType":"data/various-formats","filesize":0,"description":"","storageIdentifier":"","rootDataFileId":-1,"md5":"","checksum":{"type":"MD5","value":""}}},{"description":"","label":"New England PUS70001","restricted":false,"version":1,"datasetVersionId":38620,"dataFile":{"id":2638942,"persistentId":"","pidURL":"","filename":"New England PUS70001","contentType":"data/various-formats","filesize":0,"description":"","storageIdentifier":"","rootDataFileId":-1,"md5":"","checksum":{"type":"MD5","value":""}}},{"description":"","label":"New England PUS70301","restricted":false,"version":1,"datasetVersionId":38620,"dataFile":{"id":2638951,"persistentId":"","pidURL":"","filename":"New England PUS70301","contentType":"data/various-formats","filesize":0,"description":"","storageIdentifier":"","rootDataFileId":-1,"md5":"","checksum":{"type":"MD5","value":""}}},{"description":"","label":"New Jersey PUS70105","restricted":false,"version":1,"datasetVersionId":38620,"dataFile":{"id":2638968,"persistentId":"","pidURL":"","filename":"New Jersey PUS70105","contentType":"data/various-formats","filesize":0,"description":"","storageIdentifier":"","rootDataFileId":-1,"md5":"","checksum":{"type":"MD5","value":""}}},{"description":"","label":"New Jersey PUS70405","restricted":false,"version":1,"datasetVersionId":38620,"dataFile":{"id":2638989,"persistentId":"","pidURL":"","filename":"New Jersey PUS70405","contentType":"data/various-formats","filesize":0,"description":"","storageIdentifier":"","rootDataFileId":-1,"md5":"","checksum":{"type":"MD5","value":""}}},{"description":"","label":"New York PUS70103","restricted":false,"version":1,"datasetVersionId":38620,"dataFile":{"id":2638966,"persistentId":"","pidURL":"","filename":"New York PUS70103","contentType":"data/various-formats","filesize":0,"description":"","storageIdentifier":"","rootDataFileId":-1,"md5":"","checksum":{"type":"MD5","value":""}}},{"description":"","label":"New York PUS70403","restricted":false,"version":1,"datasetVersionId":38620,"dataFile":{"id":2638987,"persistentId":"","pidURL":"","filename":"New York PUS70403","contentType":"data/various-formats","filesize":0,"description":"","storageIdentifier":"","rootDataFileId":-1,"md5":"","checksum":{"type":"MD5","value":""}}},{"description":"","label":"North Carolina, South Carolina, Virginia PUS70112","restricted":false,"version":1,"datasetVersionId":38620,"dataFile":{"id":2638972,"persistentId":"","pidURL":"","filename":"North Carolina, South Carolina, Virginia PUS70112","contentType":"data/various-formats","filesize":0,"description":"","storageIdentifier":"","rootDataFileId":-1,"md5":"","checksum":{"type":"MD5","value":""}}},{"description":"","label":"North Carolina, South Carolina, Virginia PUS70412","restricted":false,"version":1,"datasetVersionId":38620,"dataFile":{"id":2638996,"persistentId":"","pidURL":"","filename":"North Carolina, South Carolina, Virginia PUS70412","contentType":"data/various-formats","filesize":0,"description":"","storageIdentifier":"","rootDataFileId":-1,"md5":"","checksum":{"type":"MD5","value":""}}},{"description":"","label":"Ohio, Michigan PUS70406","restricted":false,"version":1,"datasetVersionId":38620,"dataFile":{"id":2638990,"persistentId":"","pidURL":"","filename":"Ohio, Michigan PUS70406","contentType":"data/various-formats","filesize":0,"description":"","storageIdentifier":"","rootDataFileId":-1,"md5":"","checksum":{"type":"MD5","value":""}}},{"description":"","label":"Oregon, Washington, Alaska, Hawaii PUS70121","restricted":false,"version":1,"datasetVersionId":38620,"dataFile":{"id":2638984,"persistentId":"","pidURL":"","filename":"Oregon, Washington, Alaska, Hawaii PUS70121","contentType":"data/various-formats","filesize":0,"description":"","storageIdentifier":"","rootDataFileId":-1,"md5":"","checksum":{"type":"MD5","value":""}}},{"description":"","label":"Oregon, Washington, Alaska, Hawaii PUS70421","restricted":false,"version":1,"datasetVersionId":38620,"dataFile":{"id":2639005,"persistentId":"","pidURL":"","filename":"Oregon, Washington, Alaska, Hawaii PUS70421","contentType":"data/various-formats","filesize":0,"description":"","storageIdentifier":"","rootDataFileId":-1,"md5":"","checksum":{"type":"MD5","value":""}}},{"description":"","label":"Pacific PUS70009","restricted":false,"version":1,"datasetVersionId":38620,"dataFile":{"id":2638950,"persistentId":"","pidURL":"","filename":"Pacific PUS70009","contentType":"data/various-formats","filesize":0,"description":"","storageIdentifier":"","rootDataFileId":-1,"md5":"","checksum":{"type":"MD5","value":""}}},{"description":"","label":"Pacific PUS70309","restricted":false,"version":1,"datasetVersionId":38620,"dataFile":{"id":2638959,"persistentId":"","pidURL":"","filename":"Pacific PUS70309","contentType":"data/various-formats","filesize":0,"description":"","storageIdentifier":"","rootDataFileId":-1,"md5":"","checksum":{"type":"MD5","value":""}}},{"description":"","label":"Pennsylvania PUS70104","restricted":false,"version":1,"datasetVersionId":38620,"dataFile":{"id":2638967,"persistentId":"","pidURL":"","filename":"Pennsylvania PUS70104","contentType":"data/various-formats","filesize":0,"description":"","storageIdentifier":"","rootDataFileId":-1,"md5":"","checksum":{"type":"MD5","value":""}}},{"description":"","label":"Pennsylvania PUS70404","restricted":false,"version":1,"datasetVersionId":38620,"dataFile":{"id":2638988,"persistentId":"","pidURL":"","filename":"Pennsylvania PUS70404","contentType":"data/various-formats","filesize":0,"description":"","storageIdentifier":"","rootDataFileId":-1,"md5":"","checksum":{"type":"MD5","value":""}}},{"description":"","label":"South Atlantic PUS70005","restricted":false,"version":1,"datasetVersionId":38620,"dataFile":{"id":2638946,"persistentId":"","pidURL":"","filename":"South Atlantic PUS70005","contentType":"data/various-formats","filesize":0,"description":"","storageIdentifier":"","rootDataFileId":-1,"md5":"","checksum":{"type":"MD5","value":""}}},{"description":"","label":"South Atlantic PUS70305","restricted":false,"version":1,"datasetVersionId":38620,"dataFile":{"id":2638955,"persistentId":"","pidURL":"","filename":"South Atlantic PUS70305","contentType":"data/various-formats","filesize":0,"description":"","storageIdentifier":"","rootDataFileId":-1,"md5":"","checksum":{"type":"MD5","value":""}}},{"description":"","label":"Tennessee, Mississippi PUS70115","restricted":false,"version":1,"datasetVersionId":38620,"dataFile":{"id":2638975,"persistentId":"","pidURL":"","filename":"Tennessee, Mississippi PUS70115","contentType":"data/various-formats","filesize":0,"description":"","storageIdentifier":"","rootDataFileId":-1,"md5":"","checksum":{"type":"MD5","value":""}}},{"description":"","label":"Tennessee, Mississippi PUS70415","restricted":false,"version":1,"datasetVersionId":38620,"dataFile":{"id":2638999,"persistentId":"","pidURL":"","filename":"Tennessee, Mississippi PUS70415","contentType":"data/various-formats","filesize":0,"description":"","storageIdentifier":"","rootDataFileId":-1,"md5":"","checksum":{"type":"MD5","value":""}}},{"description":"","label":"Texas, Arkansas PUS70116","restricted":false,"version":1,"datasetVersionId":38620,"dataFile":{"id":2638976,"persistentId":"","pidURL":"","filename":"Texas, Arkansas PUS70116","contentType":"data/various-formats","filesize":0,"description":"","storageIdentifier":"","rootDataFileId":-1,"md5":"","checksum":{"type":"MD5","value":""}}},{"description":"","label":"Texas, Arkansas PUS70416","restricted":false,"version":1,"datasetVersionId":38620,"dataFile":{"id":2639000,"persistentId":"","pidURL":"","filename":"Texas, Arkansas PUS70416","contentType":"data/various-formats","filesize":0,"description":"","storageIdentifier":"","rootDataFileId":-1,"md5":"","checksum":{"type":"MD5","value":""}}},{"description":"","label":"West North Central PUS70004","restricted":false,"version":1,"datasetVersionId":38620,"dataFile":{"id":2638945,"persistentId":"","pidURL":"","filename":"West North Central PUS70004","contentType":"data/various-formats","filesize":0,"description":"","storageIdentifier":"","rootDataFileId":-1,"md5":"","checksum":{"type":"MD5","value":""}}},{"description":"","label":"West North Central PUS70304","restricted":false,"version":1,"datasetVersionId":38620,"dataFile":{"id":2638954,"persistentId":"","pidURL":"","filename":"West North Central PUS70304","contentType":"data/various-formats","filesize":0,"description":"","storageIdentifier":"","rootDataFileId":-1,"md5":"","checksum":{"type":"MD5","value":""}}},{"description":"","label":"West South Central PUS70007","restricted":false,"version":1,"datasetVersionId":38620,"dataFile":{"id":2638948,"persistentId":"","pidURL":"","filename":"West South Central PUS70007","contentType":"data/various-formats","filesize":0,"description":"","storageIdentifier":"","rootDataFileId":-1,"md5":"","checksum":{"type":"MD5","value":""}}},{"description":"","label":"West South Central PUS70307","restricted":false,"version":1,"datasetVersionId":38620,"dataFile":{"id":2638957,"persistentId":"","pidURL":"","filename":"West South Central PUS70307","contentType":"data/various-formats","filesize":0,"description":"","storageIdentifier":"","rootDataFileId":-1,"md5":"","checksum":{"type":"MD5","value":""}}}]}}}