{"status":"OK","data":{"id":43943,"identifier":"ICPSR00013.v2","persistentUrl":"https://doi.org/10.3886/ICPSR00013.v2","protocol":"doi","authority":"10.3886","publisher":"Harvard Dataverse","publicationDate":"2015-04-09","storageIdentifier":"file://10.3886/ICPSR00013.v2","latestVersion":{"id":39943,"storageIdentifier":"file://10.3886/ICPSR00013.v2","versionState":"RELEASED","distributionDate":"1984-06-19","productionDate":"Production Date","lastUpdateTime":"2015-04-09T04:12:55Z","releaseTime":"2015-04-09T04:12:55Z","createTime":"2015-04-09T04:12:55Z","license":"NONE","specialPermissions":"Additional special permissions, where applicable, are described in the restrictions field.","conditions":"<p>AVAILABLE.  This study is freely available to ICPSR member institutions.</p>","disclaimer":"The original collector of the data, ICPSR, \t\tand the relevant funding agency bear no responsibility \t\tfor use of the data or for interpretations or inferences \t\tbased upon such uses.","metadataBlocks":{"citation":{"displayName":"Citation Metadata","fields":[{"typeName":"title","multiple":false,"typeClass":"primitive","value":"General Election Data for the United States, 1950-1990"},{"typeName":"author","multiple":true,"typeClass":"compound","value":[{"authorName":{"typeName":"authorName","multiple":false,"typeClass":"primitive","value":"Inter-university Consortium for Political and Social Research"},"authorAffiliation":{"typeName":"authorAffiliation","multiple":false,"typeClass":"primitive","value":"Inter-university Consortium for Political and Social Research"}}]},{"typeName":"datasetContact","multiple":true,"typeClass":"compound","value":[{"datasetContactEmail":{"typeName":"datasetContactEmail","multiple":false,"typeClass":"primitive","value":"N/A"}}]},{"typeName":"dsDescription","multiple":true,"typeClass":"compound","value":[{"dsDescriptionValue":{"typeName":"dsDescriptionValue","multiple":false,"typeClass":"primitive","value":"This data collection consists of national files containing county-level returns for elections to the offices of president, United States senator and representative, and governor. Also included are returns for one additional statewide office (usually attorney general or secretary of state) for those states that elected state offices in 1970 through 1990."}}]},{"typeName":"keyword","multiple":true,"typeClass":"compound","value":[{"keywordValue":{"typeName":"keywordValue","multiple":false,"typeClass":"primitive","value":"congressional elections"},"keywordVocabulary":{"typeName":"keywordVocabulary","multiple":false,"typeClass":"primitive","value":"thesaurus"}},{"keywordValue":{"typeName":"keywordValue","multiple":false,"typeClass":"primitive","value":"election returns"},"keywordVocabulary":{"typeName":"keywordVocabulary","multiple":false,"typeClass":"primitive","value":"thesaurus"}},{"keywordValue":{"typeName":"keywordValue","multiple":false,"typeClass":"primitive","value":"elections"},"keywordVocabulary":{"typeName":"keywordVocabulary","multiple":false,"typeClass":"primitive","value":"thesaurus"}},{"keywordValue":{"typeName":"keywordValue","multiple":false,"typeClass":"primitive","value":"gubernatorial elections"},"keywordVocabulary":{"typeName":"keywordVocabulary","multiple":false,"typeClass":"primitive","value":"thesaurus"}},{"keywordValue":{"typeName":"keywordValue","multiple":false,"typeClass":"primitive","value":"historical data"},"keywordVocabulary":{"typeName":"keywordVocabulary","multiple":false,"typeClass":"primitive","value":"thesaurus"}},{"keywordValue":{"typeName":"keywordValue","multiple":false,"typeClass":"primitive","value":"political attitudes"},"keywordVocabulary":{"typeName":"keywordVocabulary","multiple":false,"typeClass":"primitive","value":"thesaurus"}},{"keywordValue":{"typeName":"keywordValue","multiple":false,"typeClass":"primitive","value":"political behavior"},"keywordVocabulary":{"typeName":"keywordVocabulary","multiple":false,"typeClass":"primitive","value":"thesaurus"}},{"keywordValue":{"typeName":"keywordValue","multiple":false,"typeClass":"primitive","value":"political parties"},"keywordVocabulary":{"typeName":"keywordVocabulary","multiple":false,"typeClass":"primitive","value":"thesaurus"}},{"keywordValue":{"typeName":"keywordValue","multiple":false,"typeClass":"primitive","value":"presidential elections"},"keywordVocabulary":{"typeName":"keywordVocabulary","multiple":false,"typeClass":"primitive","value":"thesaurus"}},{"keywordValue":{"typeName":"keywordValue","multiple":false,"typeClass":"primitive","value":"voting behavior"},"keywordVocabulary":{"typeName":"keywordVocabulary","multiple":false,"typeClass":"primitive","value":"thesaurus"}}]},{"typeName":"topicClassification","multiple":true,"typeClass":"compound","value":[{"topicClassValue":{"typeName":"topicClassValue","multiple":false,"typeClass":"primitive","value":"ICPSR XIV.A.3.a. Mass Political Behavior and Attitudes, Historical and Contemporary Electoral Processes, Election Returns, United States"},"topicClassVocab":{"typeName":"topicClassVocab","multiple":false,"typeClass":"primitive","value":"ICPSR subject classifications"}}]},{"typeName":"notesText","multiple":false,"typeClass":"primitive","value":"Version Date: 2013-11-22Version Text: 2013-11-22Version Date: 2013-11-22Version Text: 2013-11-22 Subject: null  Type: null  Notes: The SPSS setup files were updated to conform to current standards. SAS and Stata setup files, as well as SPSS and Stata system files, a SAS transport (CPORT) file, an R data file, a tab-delimited data file, and a PDF codebook have been added to the collection.; Subject: null  Type: null  Notes: LRECL with SAS data definition statements for Part 16 only and SPSS data definition statements for Parts 10-14 and 16;Subject: Study Level Error Note, Notes: County-level election returns for the years 1974-1990 for the offices of president, governor, United States senator and representative, plus one additional statewide office in each state, can be routinely supplied in two formats. They are available either as one physical file per state (the normal mode of storing and supplying returns for elections prior to 1974), or as a single national file for each year containing all counties in the United States and the votes cast for each party contesting elections anywhere in the nation. It is possible for ICPSR to perform, at the detailed instruction of scholars, operations such as converting vote counts to percentages and combining vote figures for various parties in the files for 1974-1990, which will facilitate national-level analysis of these returns. Potential users of the 1974-1990 files of election data are encouraged to contact the ICPSR User Support staff to formulate specific requests for electoral returns available in this format.  Users should note that there are no data for the years 1973, 1975, 1977, and 1979, and that data for 1989 is forthcoming.;Subject: Study Level Error Note, Notes: The codebooks for later years in this collection, such as 1988 and 1990, contain variable descriptions that are not present in the codebooks for earlier years which may be helpful when reviewing the data.; Subject: null  Type: null  Notes: Stata system file(s), rda Data file(s), sav Data file(s), stc Data file(s), tsv Data file(s), Data file(s), and electronic documentation.;"},{"typeName":"distributor","multiple":true,"typeClass":"compound","value":[{"distributorName":{"typeName":"distributorName","multiple":false,"typeClass":"primitive","value":"Inter-university Consortium for Political and Social Research"},"distributorAffiliation":{"typeName":"distributorAffiliation","multiple":false,"typeClass":"primitive","value":"Institute for Social Research, University of Michigan"},"distributorAbbreviation":{"typeName":"distributorAbbreviation","multiple":false,"typeClass":"primitive","value":"ICPSR"},"distributorURL":{"typeName":"distributorURL","multiple":false,"typeClass":"primitive","value":"http://www.icpsr.umich.edu/"},"distributorLogoURL":{"typeName":"distributorLogoURL","multiple":false,"typeClass":"primitive","value":"http://www.icpsr.umich.edu/images/icpsr-logo.gif"}}]},{"typeName":"distributionDate","multiple":false,"typeClass":"primitive","value":"1984-06-19"},{"typeName":"timePeriodCovered","multiple":true,"typeClass":"compound","value":[{"timePeriodCoveredStart":{"typeName":"timePeriodCoveredStart","multiple":false,"typeClass":"primitive","value":"1950"},"timePeriodCoveredEnd":{"typeName":"timePeriodCoveredEnd","multiple":false,"typeClass":"primitive","value":"1990"}}]},{"typeName":"kindOfData","multiple":true,"typeClass":"primitive","value":["aggregate data"]},{"typeName":"series","multiple":false,"typeClass":"compound","value":{"seriesName":{"typeName":"seriesName","multiple":false,"typeClass":"primitive","value":"United States Historical Election Returns Series"}}},{"typeName":"dataSources","multiple":true,"typeClass":"primitive","value":["official election returns provided by state governments"]}]},"geospatial":{"displayName":"Geospatial Metadata","fields":[{"typeName":"geographicCoverage","multiple":true,"typeClass":"compound","value":[{"otherGeographicCoverage":{"typeName":"otherGeographicCoverage","multiple":false,"typeClass":"primitive","value":"Please see geographic coverage."}},{"otherGeographicCoverage":{"typeName":"otherGeographicCoverage","multiple":false,"typeClass":"primitive","value":"United States"}}]}]},"socialscience":{"displayName":"Social Science and Humanities Metadata","fields":[{"typeName":"cleaningOperations","multiple":false,"typeClass":"primitive","value":"Standardized missing values."}]}},"files":[{"description":"","label":"National, 1950-1972","restricted":false,"version":1,"datasetVersionId":39943,"dataFile":{"id":2649723,"persistentId":"","pidURL":"","filename":"National, 1950-1972","contentType":"data/various-formats","filesize":0,"description":"","storageIdentifier":"","rootDataFileId":-1,"md5":"","checksum":{"type":"MD5","value":""}}},{"description":"","label":"National, 1974","restricted":false,"version":1,"datasetVersionId":39943,"dataFile":{"id":2649721,"persistentId":"","pidURL":"","filename":"National, 1974","contentType":"data/various-formats","filesize":0,"description":"","storageIdentifier":"","rootDataFileId":-1,"md5":"","checksum":{"type":"MD5","value":""}}},{"description":"","label":"National, 1974 and 1976","restricted":false,"version":1,"datasetVersionId":39943,"dataFile":{"id":2649724,"persistentId":"","pidURL":"","filename":"National, 1974 and 1976","contentType":"data/various-formats","filesize":0,"description":"","storageIdentifier":"","rootDataFileId":-1,"md5":"","checksum":{"type":"MD5","value":""}}},{"description":"","label":"National, 1976","restricted":false,"version":1,"datasetVersionId":39943,"dataFile":{"id":2649722,"persistentId":"","pidURL":"","filename":"National, 1976","contentType":"data/various-formats","filesize":0,"description":"","storageIdentifier":"","rootDataFileId":-1,"md5":"","checksum":{"type":"MD5","value":""}}},{"description":"","label":"National, 1978","restricted":false,"version":1,"datasetVersionId":39943,"dataFile":{"id":2649725,"persistentId":"","pidURL":"","filename":"National, 1978","contentType":"data/various-formats","filesize":0,"description":"","storageIdentifier":"","rootDataFileId":-1,"md5":"","checksum":{"type":"MD5","value":""}}},{"description":"","label":"National, 1980","restricted":false,"version":1,"datasetVersionId":39943,"dataFile":{"id":2649726,"persistentId":"","pidURL":"","filename":"National, 1980","contentType":"data/various-formats","filesize":0,"description":"","storageIdentifier":"","rootDataFileId":-1,"md5":"","checksum":{"type":"MD5","value":""}}},{"description":"","label":"National, 1981","restricted":false,"version":1,"datasetVersionId":39943,"dataFile":{"id":2649727,"persistentId":"","pidURL":"","filename":"National, 1981","contentType":"data/various-formats","filesize":0,"description":"","storageIdentifier":"","rootDataFileId":-1,"md5":"","checksum":{"type":"MD5","value":""}}},{"description":"","label":"National, 1982","restricted":false,"version":1,"datasetVersionId":39943,"dataFile":{"id":2649728,"persistentId":"","pidURL":"","filename":"National, 1982","contentType":"data/various-formats","filesize":0,"description":"","storageIdentifier":"","rootDataFileId":-1,"md5":"","checksum":{"type":"MD5","value":""}}},{"description":"","label":"National, 1983","restricted":false,"version":1,"datasetVersionId":39943,"dataFile":{"id":2649729,"persistentId":"","pidURL":"","filename":"National, 1983","contentType":"data/various-formats","filesize":0,"description":"","storageIdentifier":"","rootDataFileId":-1,"md5":"","checksum":{"type":"MD5","value":""}}},{"description":"","label":"National, 1984","restricted":false,"version":1,"datasetVersionId":39943,"dataFile":{"id":2649730,"persistentId":"","pidURL":"","filename":"National, 1984","contentType":"data/various-formats","filesize":0,"description":"","storageIdentifier":"","rootDataFileId":-1,"md5":"","checksum":{"type":"MD5","value":""}}},{"description":"","label":"National, 1985","restricted":false,"version":1,"datasetVersionId":39943,"dataFile":{"id":2649731,"persistentId":"","pidURL":"","filename":"National, 1985","contentType":"data/various-formats","filesize":0,"description":"","storageIdentifier":"","rootDataFileId":-1,"md5":"","checksum":{"type":"MD5","value":""}}},{"description":"","label":"National, 1986","restricted":false,"version":1,"datasetVersionId":39943,"dataFile":{"id":2649732,"persistentId":"","pidURL":"","filename":"National, 1986","contentType":"data/various-formats","filesize":0,"description":"","storageIdentifier":"","rootDataFileId":-1,"md5":"","checksum":{"type":"MD5","value":""}}},{"description":"","label":"National, 1987","restricted":false,"version":1,"datasetVersionId":39943,"dataFile":{"id":2649733,"persistentId":"","pidURL":"","filename":"National, 1987","contentType":"data/various-formats","filesize":0,"description":"","storageIdentifier":"","rootDataFileId":-1,"md5":"","checksum":{"type":"MD5","value":""}}},{"description":"","label":"National, 1988","restricted":false,"version":1,"datasetVersionId":39943,"dataFile":{"id":2649734,"persistentId":"","pidURL":"","filename":"National, 1988","contentType":"data/various-formats","filesize":0,"description":"","storageIdentifier":"","rootDataFileId":-1,"md5":"","checksum":{"type":"MD5","value":""}}},{"description":"","label":"National, 1990","restricted":false,"version":1,"datasetVersionId":39943,"dataFile":{"id":2649735,"persistentId":"","pidURL":"","filename":"National, 1990","contentType":"data/various-formats","filesize":0,"description":"","storageIdentifier":"","rootDataFileId":-1,"md5":"","checksum":{"type":"MD5","value":""}}}]}}}